,company,date,open,high,low,close,adjusted_close,volume,dividend_amount,split_coefficient,crude_price
0,JAG,2019-04-29,10.84,10.87,10.58,10.62,10.62,566893,0.0,1.0,63.39
1,JAG,2019-04-26,10.71,10.99,10.6,10.84,10.84,878349,0.0,1.0,63.29
2,JAG,2019-04-25,11.09,11.25,10.91,11.03,11.03,890900,0.0,1.0,65.23
3,JAG,2019-04-24,11.08,11.185,10.83,11.07,11.07,1243689,0.0,1.0,65.96
4,JAG,2019-04-23,11.25,11.3,11.03,11.06,11.06,702630,0.0,1.0,66.24
5,JAG,2019-04-22,11.05,11.23,10.92,11.21,11.21,1471798,0.0,1.0,65.66
6,JAG,2019-04-18,10.98,11.05,10.9,10.93,10.93,615771,0.0,1.0,64.02
7,JAG,2019-04-17,11.05,11.055,10.94,10.97,10.97,962310,0.0,1.0,63.74
8,JAG,2019-04-16,11.0,11.07,10.86,10.96,10.96,871513,0.0,1.0,64.01
9,JAG,2019-04-15,10.71,11.03,10.6,10.96,10.96,1332945,0.0,1.0,63.43
10,JAG,2019-04-12,10.87,11.25,10.87,10.98,10.98,1780057,0.0,1.0,63.86
11,JAG,2019-04-11,10.83,10.86,10.47,10.48,10.48,926370,0.0,1.0,63.61
12,JAG,2019-04-10,10.9,10.98,10.74,10.87,10.87,1721808,0.0,1.0,64.62
13,JAG,2019-04-09,11.12,11.16,10.795,10.81,10.81,878922,0.0,1.0,64.05
14,JAG,2019-04-08,11.1,11.325,11.03,11.18,11.18,1128602,0.0,1.0,64.37
15,JAG,2019-04-05,10.93,11.145,10.8,11.1,11.1,2152124,0.0,1.0,63.1
16,JAG,2019-04-04,10.44,10.86,10.37,10.86,10.86,1160658,0.0,1.0,62.12
17,JAG,2019-04-03,10.81,10.84,10.34,10.42,10.42,1091712,0.0,1.0,62.46
18,JAG,2019-04-02,10.8,10.93,10.67,10.79,10.79,1466619,0.0,1.0,62.53
19,JAG,2019-04-01,10.56,10.68,10.41,10.67,10.67,970416,0.0,1.0,61.59
20,JAG,2019-03-29,10.76,10.84,10.39,10.47,10.47,1027253,0.0,1.0,60.19
21,JAG,2019-03-28,10.53,10.7,10.39,10.64,10.64,1147380,0.0,1.0,59.29
22,JAG,2019-03-27,10.55,10.7,10.415,10.64,10.64,595923,0.0,1.0,59.39
23,JAG,2019-03-26,10.63,10.82,10.495,10.6,10.6,741004,0.0,1.0,59.87
24,JAG,2019-03-25,10.56,10.68,10.41,10.47,10.47,865403,0.0,1.0,58.71
25,JAG,2019-03-22,10.77,10.78,10.475,10.61,10.61,1333077,0.0,1.0,58.87
26,JAG,2019-03-21,10.56,10.97,10.49,10.92,10.92,1197096,0.0,1.0,59.98
27,JAG,2019-03-20,10.22,10.78,10.17,10.6,10.6,1167027,0.0,1.0,60.12
28,JAG,2019-03-19,10.45,10.5,10.22,10.27,10.27,848017,0.0,1.0,59.12
29,JAG,2019-03-18,9.99,10.48,9.97,10.41,10.41,1293882,0.0,1.0,59.09
30,JAG,2019-03-15,10.11,10.27,10.05,10.16,10.16,2087714,0.0,1.0,58.51
31,JAG,2019-03-14,10.14,10.25,10.07,10.17,10.17,1373716,0.0,1.0,58.59
32,JAG,2019-03-13,10.03,10.26,9.99,10.16,10.16,2191427,0.0,1.0,58.27
33,JAG,2019-03-12,9.79,10.1,9.75,9.99,9.99,1556102,0.0,1.0,56.89
34,JAG,2019-03-11,9.56,9.71,9.42,9.71,9.71,1288763,0.0,1.0,56.79
35,JAG,2019-03-08,9.56,9.58,9.22,9.42,9.42,1333849,0.0,1.0,55.77
36,JAG,2019-03-07,10.06,10.06,9.72,9.8,9.8,1353446,0.0,1.0,56.6
37,JAG,2019-03-06,10.42,10.42,9.96,9.98,9.98,1205173,0.0,1.0,56.22
38,JAG,2019-03-05,10.66,10.73,10.35,10.49,10.49,2119024,0.0,1.0,56.55
39,JAG,2019-03-04,10.59,10.71,10.32,10.64,10.64,1894379,0.0,1.0,56.6
40,JAG,2019-03-01,9.77,10.5,9.57,10.3,10.3,3044614,0.0,1.0,55.76
41,JAG,2019-02-28,9.97,9.97,9.36,9.47,9.47,3594073,0.0,1.0,57.21
42,JAG,2019-02-27,10.08,10.21,9.88,9.92,9.92,2414715,0.0,1.0,56.92
43,JAG,2019-02-26,10.27,10.43,9.87,10.0,10.0,1990680,0.0,1.0,55.4
44,JAG,2019-02-25,10.5,10.66,10.37,10.42,10.42,1378843,0.0,1.0,55.32
45,JAG,2019-02-22,10.69,10.86,10.54,10.59,10.59,1573026,0.0,1.0,57.01
46,JAG,2019-02-21,10.95,11.0,10.42,10.6,10.6,1085679,0.0,1.0,56.95
47,JAG,2019-02-20,10.84,10.95,10.7373,10.94,10.94,1144921,0.0,1.0,56.9
48,JAG,2019-02-19,10.91,10.93,10.72,10.85,10.85,1272210,0.0,1.0,56.12
49,JAG,2019-02-15,10.84,11.0,10.77,10.94,10.94,1379079,0.0,1.0,55.58
50,JAG,2019-02-14,10.66,10.84,10.565,10.72,10.72,1469768,0.0,1.0,54.4
51,JAG,2019-02-13,10.66,10.8,10.6,10.7,10.7,1202150,0.0,1.0,53.84
52,JAG,2019-02-12,10.73,10.8,10.55,10.59,10.59,1030200,0.0,1.0,53.14
53,JAG,2019-02-11,10.45,10.68,10.45,10.57,10.57,1789665,0.0,1.0,52.43
54,JAG,2019-02-08,10.52,10.57,10.24,10.53,10.53,997332,0.0,1.0,52.75
55,JAG,2019-02-07,10.88,10.9,10.41,10.54,10.54,1246991,0.0,1.0,52.68
56,JAG,2019-02-06,10.61,11.105,10.52,10.93,10.93,1101834,0.0,1.0,53.94
57,JAG,2019-02-05,10.9,11.02,10.65,10.67,10.67,780542,0.0,1.0,53.69
58,JAG,2019-02-04,10.61,10.91,10.56,10.9,10.9,624254,0.0,1.0,54.57
59,JAG,2019-02-01,10.66,10.99,10.48,10.73,10.73,849167,0.0,1.0,55.29
60,JAG,2019-01-31,10.69,10.84,10.46,10.53,10.53,1192484,0.0,1.0,53.84
61,JAG,2019-01-30,10.47,10.68,10.3,10.68,10.68,719021,0.0,1.0,54.18
62,JAG,2019-01-29,10.4,10.53,10.29,10.37,10.37,557901,0.0,1.0,53.07
63,JAG,2019-01-28,10.29,10.36,10.11,10.29,10.29,811632,0.0,1.0,51.79
64,JAG,2019-01-25,10.37,10.59,10.285,10.49,10.49,739167,0.0,1.0,53.53
65,JAG,2019-01-24,10.15,10.38,10.03,10.32,10.32,957336,0.0,1.0,52.94
66,JAG,2019-01-23,10.23,10.37,9.95,10.2,10.2,981708,0.0,1.0,52.44
67,JAG,2019-01-22,9.98,10.37,9.97,10.09,10.09,630688,0.0,1.0,52.59
68,JAG,2019-01-18,10.32,10.515,10.23,10.46,10.46,564657,0.0,1.0,53.6
69,JAG,2019-01-17,10.06,10.33,10.05,10.21,10.21,1200404,0.0,1.0,51.83
70,JAG,2019-01-16,10.12,10.48,10.11,10.2,10.2,1409256,0.0,1.0,52.08
71,JAG,2019-01-15,9.87,10.22,9.74,10.2,10.2,697443,0.0,1.0,51.8
72,JAG,2019-01-14,9.68,9.93,9.61,9.82,9.82,835069,0.0,1.0,50.31
73,JAG,2019-01-11,10.09,10.16,9.76,9.84,9.84,892130,0.0,1.0,51.44
74,JAG,2019-01-10,10.13,10.33,10.06,10.25,10.25,887672,0.0,1.0,52.42
75,JAG,2019-01-09,10.48,10.48,10.11,10.24,10.24,1651858,0.0,1.0,52.19
76,JAG,2019-01-08,10.41,10.44,10.01,10.26,10.26,1609433,0.0,1.0,49.58
77,JAG,2019-01-07,9.9,10.21,9.76,10.21,10.21,1487430,0.0,1.0,48.27
78,JAG,2019-01-04,9.55,9.925,9.44,9.88,9.88,978390,0.0,1.0,47.76
79,JAG,2019-01-03,9.37,9.45,9.11,9.35,9.35,779047,0.0,1.0,46.92
80,JAG,2019-01-02,8.91,9.41,8.87,9.35,9.35,865904,0.0,1.0,46.31
81,JAG,2018-12-28,9.17,9.27,9.02,9.1,9.1,695384,0.0,1.0,45.15
82,JAG,2018-12-27,9.05,9.14,8.6801,9.11,9.11,1197749,0.0,1.0,44.48
83,JAG,2018-12-26,8.71,9.29,8.54,9.29,9.29,1650615,0.0,1.0,46.04
84,JAG,2018-12-21,8.83,9.08,8.63,8.71,8.71,1730549,0.0,1.0,45.38
85,JAG,2018-12-20,9.23,9.345,8.82,8.87,8.87,1314650,0.0,1.0,45.64
86,JAG,2018-12-19,9.57,9.78,9.19,9.43,9.43,1312967,0.0,1.0,47.96
87,JAG,2018-12-18,9.42,9.5,9.16,9.43,9.43,1382718,0.0,1.0,46.12
88,JAG,2018-12-17,9.7,9.87,9.39,9.43,9.43,861247,0.0,1.0,49.8
89,JAG,2018-12-14,10.05,10.15,9.81,9.82,9.82,1137825,0.0,1.0,51.26
90,JAG,2018-12-13,9.91,10.27,9.91,10.2,10.2,1120210,0.0,1.0,52.69
91,JAG,2018-12-12,10.47,10.525,9.98,10.15,10.15,1741853,0.0,1.0,51.04
92,JAG,2018-12-11,10.8,10.82,10.27,10.29,10.29,1068782,0.0,1.0,51.65
93,JAG,2018-12-10,10.96,11.06,10.46,10.61,10.61,946754,0.0,1.0,51.07
94,JAG,2018-12-07,11.37,11.66,11.14,11.21,11.21,1073864,0.0,1.0,52.76
95,JAG,2018-12-06,11.38,11.53,10.92,11.06,11.06,1002067,0.0,1.0,51.54
96,JAG,2018-12-04,12.24,12.315,11.725,11.74,11.74,1061165,0.0,1.0,53.21
97,JAG,2018-12-03,11.85,12.32,11.58,12.25,12.25,1290004,0.0,1.0,52.98
98,JAG,2018-11-30,11.87,11.89,11.28,11.44,11.44,1553395,0.0,1.0,50.78
99,JAG,2018-11-29,11.91,12.2,11.79,12.04,12.04,747016,0.0,1.0,51.46
100,JAG,2018-11-28,11.85,11.94,11.61,11.89,11.89,863296,0.0,1.0,50.06
101,JAG,2018-11-27,12.01,12.16,11.62,11.81,11.81,751690,0.0,1.0,51.31
102,JAG,2018-11-26,11.95,12.14,11.66,11.95,11.95,671651,0.0,1.0,51.46
103,JAG,2018-11-21,12.2,12.51,12.15,12.36,12.36,562350,0.0,1.0,54.41
104,JAG,2018-11-20,12.14,12.39,11.92,12.02,12.02,850356,0.0,1.0,53.39
105,JAG,2018-11-19,12.19,12.76,12.01,12.4,12.4,923092,0.0,1.0,57.16
106,JAG,2018-11-16,12.25,12.52,11.98,12.4,12.4,1254110,0.0,1.0,56.49
107,JAG,2018-11-15,11.9,12.45,11.85,12.25,12.25,1000499,0.0,1.0,56.45
108,JAG,2018-11-14,12.22,12.56,11.83,12.01,12.01,1122647,0.0,1.0,56.16
109,JAG,2018-11-13,11.53,12.4,11.49,11.95,11.95,1322137,0.0,1.0,55.63
110,JAG,2018-11-12,12.81,12.91,12.04,12.08,12.08,1517021,0.0,1.0,59.85
111,JAG,2018-11-09,12.59,13.12,12.1411,12.6,12.6,2810153,0.0,1.0,60.19
112,JAG,2018-11-08,12.92,13.0,12.33,12.33,12.33,1718182,0.0,1.0,60.71
113,JAG,2018-11-07,13.28,13.5,12.96,13.04,13.04,1297085,0.0,1.0,61.69
114,JAG,2018-11-06,12.96,13.16,12.8,13.02,13.02,925554,0.0,1.0,62.16
115,JAG,2018-11-05,12.85,13.08,12.73,13.0,13.0,1245394,0.0,1.0,63.12
116,JAG,2018-11-02,12.82,12.97,12.44,12.65,12.65,590291,0.0,1.0,63.12
117,JAG,2018-11-01,12.65,12.74,12.33,12.74,12.74,878600,0.0,1.0,63.67
118,JAG,2018-10-31,12.29,12.8,12.18,12.32,12.32,1053834,0.0,1.0,65.31
119,JAG,2018-10-30,11.78,12.14,11.45,12.1,12.1,1263571,0.0,1.0,66.18
120,JAG,2018-10-29,11.98,12.3,11.73,11.93,11.93,1399792,0.0,1.0,67.0
121,JAG,2018-10-26,12.02,12.35,11.77,12.15,12.15,929613,0.0,1.0,67.58
122,JAG,2018-10-25,12.04,12.31,11.835,12.23,12.23,1032676,0.0,1.0,67.25
123,JAG,2018-10-24,12.82,12.86,11.85,11.87,11.87,1493858,0.0,1.0,66.56
124,JAG,2018-10-23,13.06,13.29,12.61,12.78,12.78,2001626,0.0,1.0,66.49
125,JAG,2018-10-22,13.72,13.73,13.36,13.37,13.37,720924,0.0,1.0,69.25
126,JAG,2018-10-19,13.84,13.95,13.59,13.67,13.67,1525314,0.0,1.0,69.16
127,JAG,2018-10-18,13.81,14.1,13.61,13.81,13.81,1816891,0.0,1.0,68.63
128,JAG,2018-10-17,14.13,14.23,13.84,14.09,14.09,834201,0.0,1.0,69.63
129,JAG,2018-10-16,14.06,14.26,13.92,14.18,14.18,738167,0.0,1.0,71.93
130,JAG,2018-10-15,13.74,14.03,13.6,13.97,13.97,645769,0.0,1.0,71.84
131,JAG,2018-10-12,13.61,13.61,13.13,13.53,13.53,839779,0.0,1.0,71.41
132,JAG,2018-10-11,13.85,13.91,13.305,13.31,13.31,991470,0.0,1.0,70.97
133,JAG,2018-10-10,14.63,14.69,13.8,14.1,14.1,1736553,0.0,1.0,73.18
134,JAG,2018-10-09,13.95,14.745,13.86,14.62,14.62,1708987,0.0,1.0,74.95
135,JAG,2018-10-08,13.89,13.98,13.39,13.88,13.88,945245,0.0,1.0,74.27
136,JAG,2018-10-05,13.85,14.115,13.79,14.0,14.0,1280629,0.0,1.0,74.26
137,JAG,2018-10-04,14.41,14.41,13.74,13.74,13.74,1015189,0.0,1.0,74.44
138,JAG,2018-10-03,14.11,14.5,14.05,14.48,14.48,874686,0.0,1.0,76.4
139,JAG,2018-10-02,13.99,14.228,13.87,14.07,14.07,1366619,0.0,1.0,75.16
140,JAG,2018-10-01,13.88,14.18,13.66,13.93,13.93,1014568,0.0,1.0,75.37
141,JAG,2018-09-28,13.6,13.94,13.59,13.83,13.83,753304,0.0,1.0,73.16
142,JAG,2018-09-27,13.64,13.76,13.5,13.65,13.65,710867,0.0,1.0,72.18
143,JAG,2018-09-26,14.0,14.12,13.45,13.47,13.47,924064,0.0,1.0,72.22
144,JAG,2018-09-25,14.16,14.36,13.89,14.06,14.06,945241,0.0,1.0,73.4
145,JAG,2018-09-24,14.14,14.33,13.82,14.01,14.01,1395087,0.0,1.0,73.23
146,JAG,2018-09-21,13.87,13.99,13.72,13.91,13.91,3336589,0.0,1.0,70.8
147,JAG,2018-09-20,14.21,14.33,13.71,13.78,13.78,1059273,0.0,1.0,70.77
148,JAG,2018-09-19,13.69,14.215,13.69,14.14,14.14,912447,0.0,1.0,71.08
149,JAG,2018-09-18,13.67,14.19,13.5,13.68,13.68,1702706,0.0,1.0,69.87
150,JAG,2018-09-17,13.06,13.61,12.74,13.48,13.48,1559796,0.0,1.0,68.86
151,JAG,2018-09-14,13.13,13.48,13.12,13.27,13.27,1202094,0.0,1.0,68.98
152,JAG,2018-09-13,13.11,13.32,12.78,13.15,13.15,1601262,0.0,1.0,68.6
153,JAG,2018-09-12,12.9,13.43,12.89,13.15,13.15,1656022,0.0,1.0,70.37
154,JAG,2018-09-11,12.18,12.83,12.18,12.72,12.72,1616810,0.0,1.0,69.29
155,JAG,2018-09-10,12.48,12.64,12.1,12.31,12.31,827836,0.0,1.0,67.55
156,JAG,2018-09-07,12.7,12.74,12.42,12.46,12.46,546969,0.0,1.0,67.73
157,JAG,2018-09-06,13.21,13.21,12.8,12.83,12.83,1023183,0.0,1.0,67.81
158,JAG,2018-09-05,12.99,13.36,12.64,13.23,13.23,1346243,0.0,1.0,68.69
159,JAG,2018-09-04,13.29,13.33,12.91,13.1,13.1,744312,0.0,1.0,69.82
160,JAG,2018-08-31,13.34,13.34,13.01,13.21,13.21,1070410,0.0,1.0,69.84
161,JAG,2018-08-30,13.1,13.405,13.01,13.38,13.38,1779652,0.0,1.0,70.25
162,JAG,2018-08-29,13.01,13.16,12.84,13.07,13.07,1555610,0.0,1.0,69.68
163,JAG,2018-08-28,12.86,12.97,12.7,12.84,12.84,728260,0.0,1.0,68.54
164,JAG,2018-08-27,12.83,12.99,12.56,12.88,12.88,1131167,0.0,1.0,69.97
165,JAG,2018-08-24,13.04,13.13,12.62,12.77,12.77,1585971,0.0,1.0,69.71
166,JAG,2018-08-23,13.01,13.19,12.85,12.93,12.93,1096328,0.0,1.0,69.13
167,JAG,2018-08-22,13.3,13.53,13.075,13.1,13.1,1684164,0.0,1.0,67.85
168,JAG,2018-08-21,12.92,13.26,12.6,13.13,13.13,7296219,0.0,1.0,67.32
169,JAG,2018-08-20,12.43,13.02,12.43,12.86,12.86,1007383,0.0,1.0,66.5
170,JAG,2018-08-17,12.96,13.11,12.8,12.96,12.96,1348047,0.0,1.0,65.93
171,JAG,2018-08-16,12.89,13.2893,12.8249,12.93,12.93,1040387,0.0,1.0,65.44
172,JAG,2018-08-15,13.62,13.8,12.16,12.74,12.74,3320231,0.0,1.0,65.07
173,JAG,2018-08-14,13.78,14.0,13.62,13.83,13.83,871048,0.0,1.0,67.04
174,JAG,2018-08-13,14.32,14.5,13.37,13.57,13.57,1651623,0.0,1.0,67.25
175,JAG,2018-08-10,14.69,14.7065,13.95,14.35,14.35,3800632,0.0,1.0,67.61
176,JAG,2018-08-09,13.72,13.81,13.07,13.73,13.73,1707681,0.0,1.0,66.81
177,JAG,2018-08-08,13.71,13.89,13.59,13.74,13.74,1487235,0.0,1.0,66.92
178,JAG,2018-08-07,13.96,14.0,13.76,13.89,13.89,1143437,0.0,1.0,69.17
179,JAG,2018-08-06,13.84,14.2,13.7,13.8,13.8,936580,0.0,1.0,69.01
180,JAG,2018-08-03,14.27,14.46,13.67,13.75,13.75,1197936,0.0,1.0,68.49
181,JAG,2018-08-02,13.87,14.28,13.79,14.25,14.25,1396641,0.0,1.0,68.95
182,JAG,2018-08-01,14.1,14.1,13.68,13.98,13.98,1295840,0.0,1.0,68.8
183,JAG,2018-07-31,14.38,14.38,13.91,14.3,14.3,819113,0.0,1.0,69.88
184,JAG,2018-07-30,14.05,14.62,14.05,14.35,14.35,999449,0.0,1.0,71.19
185,JAG,2018-07-27,14.12,14.485,13.98,14.2,14.2,710129,0.0,1.0,68.66
186,JAG,2018-07-26,14.21,14.49,14.02,14.14,14.14,812674,0.0,1.0,71.59
187,JAG,2018-07-25,14.09,14.24,13.79,14.19,14.19,1088890,0.0,1.0,71.13
188,JAG,2018-07-24,13.99,14.15,13.78,14.05,14.05,892074,0.0,1.0,70.77
189,JAG,2018-07-23,13.65,14.09,13.05,13.85,13.85,526407,0.0,1.0,67.9
190,JAG,2018-07-20,14.26,14.28,13.6,13.88,13.88,1063346,0.0,1.0,70.31
191,JAG,2018-07-19,13.97,14.48,13.97,14.25,14.25,1027401,0.0,1.0,69.42
192,JAG,2018-07-18,14.14,14.165,13.78,14.15,14.15,980741,0.0,1.0,68.78
193,JAG,2018-07-17,13.94,14.33,13.85,14.24,14.24,942186,0.0,1.0,68.03
194,JAG,2018-07-16,14.03,14.2,13.71,14.08,14.08,935442,0.0,1.0,68.22
195,JAG,2018-07-13,14.09,14.56,13.95,14.19,14.19,1556471,0.0,1.0,71.03
196,JAG,2018-07-12,13.67,14.09,13.41,14.08,14.08,1497829,0.0,1.0,70.28
197,JAG,2018-07-11,13.87,14.14,13.47,13.52,13.52,794992,0.0,1.0,70.47
198,JAG,2018-07-10,14.1,14.3,13.755,13.82,13.82,985466,0.0,1.0,74.11
199,JAG,2018-07-09,13.77,14.05,13.64,13.98,13.98,1256602,0.0,1.0,73.93
200,JAG,2018-07-06,13.04,13.7,12.99,13.67,13.67,917858,0.0,1.0,73.78
201,JAG,2018-07-05,13.07,13.19,12.96,13.08,13.08,930973,0.0,1.0,73.05
202,JAG,2018-07-03,12.77,13.23,12.72,13.02,13.02,983797,0.0,1.0,74.19
203,JAG,2018-07-02,12.85,12.92,12.45,12.63,12.63,764655,0.0,1.0,73.89
204,JAG,2018-06-29,13.03,13.2258,12.84,13.02,13.02,625164,0.0,1.0,74.13
205,JAG,2018-06-28,13.18,13.23,12.89,12.99,12.99,890828,0.0,1.0,73.45
206,JAG,2018-06-27,12.95,13.32,12.86,13.15,13.15,957370,0.0,1.0,77.41
207,JAG,2018-06-26,12.62,12.98,12.55,12.9,12.9,1252830,0.0,1.0,75.23
208,JAG,2018-06-25,12.19,12.6,12.19,12.58,12.58,1172901,0.0,1.0,69.91
209,JAG,2018-06-22,12.55,12.55,12.07,12.44,12.44,2451589,0.0,1.0,69.02
210,JAG,2018-06-21,12.19,12.33,11.94,12.04,12.04,1558513,0.0,1.0,65.68
211,JAG,2018-06-20,12.38,12.455,12.15,12.22,12.22,1706118,0.0,1.0,65.92
212,JAG,2018-06-19,11.5,12.22,11.42,12.22,12.22,1295877,0.0,1.0,65.09
213,JAG,2018-06-18,11.42,11.98,11.42,11.72,11.72,2006318,0.0,1.0,65.91
214,JAG,2018-06-15,11.39,11.58,11.18,11.42,11.42,2696705,0.0,1.0,65.01
215,JAG,2018-06-14,12.09,12.13,11.39,11.49,11.49,1313915,0.0,1.0,66.91
216,JAG,2018-06-13,11.78,12.14,11.69,12.0,12.0,1551374,0.0,1.0,66.63
217,JAG,2018-06-12,11.53,12.0,11.45,11.79,11.79,1494335,0.0,1.0,66.38
218,JAG,2018-06-11,11.2,11.51,11.13,11.46,11.46,1475379,0.0,1.0,66.1
219,JAG,2018-06-08,11.56,11.82,10.99,11.26,11.26,1743519,0.0,1.0,65.77
220,JAG,2018-06-07,11.15,11.77,11.15,11.59,11.59,2274597,0.0,1.0,65.96
221,JAG,2018-06-06,10.9,11.1,10.55,11.1,11.1,2101101,0.0,1.0,64.75
222,JAG,2018-06-05,10.85,11.05,10.57,10.87,10.87,2078742,0.0,1.0,65.51
223,JAG,2018-06-04,11.06,11.27,10.705,10.87,10.87,2205686,0.0,1.0,64.76
224,JAG,2018-06-01,11.95,11.965,10.84,11.27,11.27,5170486,0.0,1.0,65.81
225,JAG,2018-05-31,12.31,12.36,11.9,12.05,12.05,1302349,0.0,1.0,66.98
226,JAG,2018-05-30,11.96,12.46,11.82,12.37,12.37,1734213,0.0,1.0,68.24
227,JAG,2018-05-29,11.84,12.13,11.78,11.83,11.83,1386021,0.0,1.0,66.8
228,JAG,2018-05-25,11.9,11.945,11.25,11.89,11.89,1683145,0.0,1.0,67.92
229,JAG,2018-05-24,12.34,12.5,11.97,12.08,12.08,1460878,0.0,1.0,70.77
230,JAG,2018-05-23,13.0,13.0,12.43,12.47,12.47,1519034,0.0,1.0,71.85
231,JAG,2018-05-22,13.59,13.69,13.1,13.17,13.17,1394068,0.0,1.0,72.09
232,JAG,2018-05-21,13.26,13.59,13.05,13.52,13.52,1076091,0.0,1.0,72.26
233,JAG,2018-05-18,13.39,13.4,13.081,13.27,13.27,984101,0.0,1.0,71.23
234,JAG,2018-05-17,13.41,13.56,13.17,13.22,13.22,1293399,0.0,1.0,71.47
235,JAG,2018-05-16,13.24,13.48,13.21,13.39,13.39,970728,0.0,1.0,71.43
236,JAG,2018-05-15,13.44,13.5,13.1276,13.31,13.31,1147689,0.0,1.0,71.34
237,JAG,2018-05-14,13.35,13.61,13.26,13.44,13.44,815158,0.0,1.0,71.01
238,JAG,2018-05-11,14.13,14.54,13.25,13.25,13.25,3130284,0.0,1.0,70.69
239,JAG,2018-05-10,14.22,14.47,14.08,14.16,14.16,1328897,0.0,1.0,71.36
240,JAG,2018-05-09,14.35,14.51,14.06,14.12,14.12,971351,0.0,1.0,71.16
241,JAG,2018-05-08,14.04,14.16,13.45,14.06,14.06,1688352,0.0,1.0,68.83
242,JAG,2018-05-07,14.43,14.9058,14.12,14.16,14.16,1500001,0.0,1.0,70.74
243,JAG,2018-05-04,14.1,14.49,13.97,14.25,14.25,891992,0.0,1.0,69.71
244,JAG,2018-05-03,14.12,14.27,13.91,14.06,14.06,737521,0.0,1.0,68.45
245,JAG,2018-05-02,14.11,14.32,14.02,14.28,14.28,783335,0.0,1.0,67.91
246,JAG,2018-05-01,14.26,14.26,13.9,14.08,14.08,747537,0.0,1.0,67.28
247,JAG,2018-04-30,13.9,14.4399,13.87,14.33,14.33,823845,0.0,1.0,68.56
248,JAG,2018-04-27,14.17,14.23,13.88,13.91,13.91,716866,0.0,1.0,68.11
249,JAG,2018-04-26,14.21,14.36,14.0,14.19,14.19,819736,0.0,1.0,68.18
250,JAG,2018-04-25,13.86,14.28,13.86,14.16,14.16,1254346,0.0,1.0,68.0
251,JAG,2018-04-24,14.49,14.525,13.89,14.0,14.0,1730315,0.0,1.0,67.66
252,JAG,2018-04-23,14.39,14.55,14.125,14.47,14.47,1395546,0.0,1.0,67.61
253,JAG,2018-04-20,14.35,14.62,14.21,14.44,14.44,1577669,0.0,1.0,68.26
254,JAG,2018-04-19,14.6,14.92,14.21,14.32,14.32,1499036,0.0,1.0,68.3
255,JAG,2018-04-18,14.54,14.98,14.46,14.64,14.64,1504473,0.0,1.0,68.44
256,JAG,2018-04-17,14.2,14.49,14.1,14.39,14.39,776393,0.0,1.0,66.5
257,JAG,2018-04-16,14.27,14.32,14.07,14.22,14.22,817926,0.0,1.0,66.23
258,JAG,2018-04-13,14.18,14.32,14.0,14.28,14.28,979736,0.0,1.0,67.35
259,JAG,2018-04-12,13.82,14.02,13.54,13.99,13.99,1088940,0.0,1.0,67.07
260,JAG,2018-04-11,13.66,14.06,13.63,13.83,13.83,1256872,0.0,1.0,66.81
261,JAG,2018-04-10,13.32,13.75,13.215,13.64,13.64,1994347,0.0,1.0,65.48
262,JAG,2018-04-09,13.34,13.51,13.06,13.07,13.07,1448361,0.0,1.0,63.4
263,JAG,2018-04-06,13.66,13.77,12.99,13.24,13.24,1465912,0.0,1.0,62.03
264,JAG,2018-04-05,13.66,14.07,13.51,13.82,13.82,1743948,0.0,1.0,63.53
265,JAG,2018-04-04,13.27,13.74,13.27,13.72,13.72,947651,0.0,1.0,63.35
266,JAG,2018-04-03,13.68,13.74,13.17,13.55,13.55,1359997,0.0,1.0,63.41
267,JAG,2018-04-02,13.86,14.01,13.36,13.57,13.57,1910851,0.0,1.0,63.05
268,JAG,2018-03-29,12.95,14.17,12.93,14.13,14.13,3539439,0.0,1.0,64.87
269,JAG,2018-03-28,12.44,12.82,12.44,12.73,12.73,2237454,0.0,1.0,64.3
270,JAG,2018-03-27,12.6,12.71,12.21,12.37,12.37,2344965,0.0,1.0,65.21
271,JAG,2018-03-26,12.21,12.67,12.08,12.58,12.58,1828588,0.0,1.0,65.49
272,JAG,2018-03-23,11.78,12.74,11.565,12.15,12.15,3096113,0.0,1.0,65.8
273,JAG,2018-03-22,12.15,12.22,11.87,11.91,11.91,2055705,0.0,1.0,64.25
274,JAG,2018-03-21,12.15,12.5,12.08,12.31,12.31,2695524,0.0,1.0,65.1
275,JAG,2018-03-20,12.11,12.2,11.985,12.15,12.15,1476518,0.0,1.0,63.37
276,JAG,2018-03-19,12.37,12.38,11.9,12.04,12.04,1488862,0.0,1.0,62.01
277,JAG,2018-03-16,12.21,12.5,12.1,12.41,12.41,2801459,0.0,1.0,62.29
278,JAG,2018-03-15,12.28,12.46,12.15,12.19,12.19,1100889,0.0,1.0,61.16
279,JAG,2018-03-14,12.13,12.24,11.92,12.18,12.18,1060905,0.0,1.0,60.89
280,JAG,2018-03-13,12.29,12.45,11.94,12.02,12.02,1450291,0.0,1.0,60.69
281,JAG,2018-03-12,12.23,12.37,12.14,12.21,12.21,613100,0.0,1.0,61.35
282,JAG,2018-03-09,11.85,12.18,11.78,12.18,12.18,645716,0.0,1.0,62.02
283,JAG,2018-03-08,11.89,11.89,11.52,11.67,11.67,874809,0.0,1.0,60.13
284,JAG,2018-03-07,11.67,12.16,11.65,11.82,11.82,1215409,0.0,1.0,61.09
285,JAG,2018-03-06,12.18,12.22,11.79,11.82,11.82,1105552,0.0,1.0,62.54
286,JAG,2018-03-05,12.3,12.435,11.945,12.11,12.11,1655094,0.0,1.0,62.49
287,JAG,2018-03-02,12.11,12.51,11.83,12.39,12.39,1095161,0.0,1.0,61.19
288,JAG,2018-03-01,12.35,12.49,12.11,12.3,12.3,1550054,0.0,1.0,60.98
289,JAG,2018-02-28,12.49,12.76,12.24,12.3,12.3,1791259,0.0,1.0,61.43
290,JAG,2018-02-27,13.1,13.25,12.36,12.52,12.52,1793218,0.0,1.0,62.94
291,JAG,2018-02-26,12.98,13.06,12.78,12.91,12.91,669947,0.0,1.0,63.81
292,JAG,2018-02-23,12.77,13.02,12.65,12.95,12.95,825601,0.0,1.0,63.52
293,JAG,2018-02-22,12.6,12.78,12.36,12.67,12.67,1134953,0.0,1.0,62.72
294,JAG,2018-02-21,12.7,12.84,12.49,12.53,12.53,692623,0.0,1.0,61.73
295,JAG,2018-02-20,12.93,13.0,12.59,12.71,12.71,642203,0.0,1.0,61.91
296,JAG,2018-02-16,12.75,13.14,12.75,12.91,12.91,857982,0.0,1.0,61.89
297,JAG,2018-02-15,12.96,12.99,12.545,12.81,12.81,1099800,0.0,1.0,61.48
298,JAG,2018-02-14,11.98,13.03,11.9001,12.92,12.92,1603132,0.0,1.0,60.7
299,JAG,2018-02-13,12.17,12.46,11.96,12.08,12.08,1010833,0.0,1.0,59.33
300,JAG,2018-02-12,12.01,12.44,11.95,12.36,12.36,1035299,0.0,1.0,59.41
301,JAG,2018-02-09,11.56,11.975,11.4,11.87,11.87,1929907,0.0,1.0,59.2
302,JAG,2018-02-08,11.96,12.05,11.45,11.48,11.48,1590690,0.0,1.0,61.3
303,JAG,2018-02-07,12.15,12.25,11.74,11.9,11.9,1473601,0.0,1.0,61.91
304,JAG,2018-02-06,11.85,12.39,11.83,12.19,12.19,1969565,0.0,1.0,63.48
305,JAG,2018-02-05,12.2,12.5,12.13,12.13,12.13,1163937,0.0,1.0,64.18
306,JAG,2018-02-02,12.51,12.56,12.08,12.37,12.37,1393530,0.0,1.0,65.5
307,JAG,2018-02-01,12.9,13.02,12.63,12.68,12.68,1131351,0.0,1.0,65.92
308,JAG,2018-01-31,13.37,13.48,12.6,12.85,12.85,1508609,0.0,1.0,64.82
309,JAG,2018-01-30,13.74,13.74,13.08,13.33,13.33,1220940,0.0,1.0,64.64
310,JAG,2018-01-29,13.64,14.04,13.48,13.89,13.89,1355481,0.0,1.0,65.71
311,JAG,2018-01-26,13.83,13.92,13.55,13.87,13.87,1630750,0.0,1.0,66.27
312,JAG,2018-01-25,13.92,14.18,13.63,13.76,13.76,1763002,0.0,1.0,65.62
313,JAG,2018-01-24,14.5,14.71,14.29,14.38,14.38,1159914,0.0,1.0,65.69
314,JAG,2018-01-23,14.45,14.63,14.32,14.4,14.4,2176357,0.0,1.0,64.45
315,JAG,2018-01-22,14.3,14.562,14.18,14.27,14.27,1090670,0.0,1.0,63.66
316,JAG,2018-01-19,14.16,14.34,13.89,14.26,14.26,1002935,0.0,1.0,63.38
317,JAG,2018-01-18,15.0,15.08,14.32,14.35,14.35,1949278,0.0,1.0,63.96
318,JAG,2018-01-17,14.65,15.11,14.41,15.08,15.08,1395428,0.0,1.0,63.92
319,JAG,2018-01-16,14.78,15.02,14.49,14.55,14.55,1162378,0.0,1.0,63.82
320,JAG,2018-01-12,15.2,15.27,14.565,14.73,14.73,1497358,0.0,1.0,64.22
321,JAG,2018-01-11,15.27,15.81,15.05,15.12,15.12,2007781,0.0,1.0,63.81
322,JAG,2018-01-10,15.91,16.145,15.26,15.27,15.27,1051816,0.0,1.0,63.6
323,JAG,2018-01-09,16.36,16.5,15.78,15.87,15.87,1354126,0.0,1.0,62.92
324,JAG,2018-01-08,15.98,16.37,15.86,16.31,16.31,1476559,0.0,1.0,61.73
325,JAG,2018-01-05,15.8,15.98,15.41,15.94,15.94,1405781,0.0,1.0,61.49
326,JAG,2018-01-04,15.93,16.01,15.57,15.89,15.89,1059345,0.0,1.0,61.98
327,JAG,2018-01-03,15.89,16.23,15.78,15.9,15.9,1007339,0.0,1.0,61.61
328,JAG,2018-01-02,15.98,16.33,15.79,15.8,15.8,1043956,0.0,1.0,60.37
329,JAG,2017-12-29,16.29,16.3599,15.78,15.78,15.78,584439,0.0,1.0,60.46
330,JAG,2017-12-28,15.92,16.29,15.57,16.21,16.21,845463,0.0,1.0,59.84
331,JAG,2017-12-27,16.37,16.45,15.89,15.91,15.91,709346,0.0,1.0,59.67
332,JAG,2017-12-26,15.93,16.55,15.8,16.35,16.35,1452380,0.0,1.0,59.55
333,JAG,2017-12-22,15.73,16.01,15.54,15.91,15.91,1264883,0.0,1.0,58.25
334,JAG,2017-12-21,15.205,15.76,15.0201,15.61,15.61,1167984,0.0,1.0,58.34
335,JAG,2017-12-20,14.9,15.265,14.64,15.23,15.23,677029,0.0,1.0,58.09
336,JAG,2017-12-19,14.9,14.96,14.59,14.71,14.71,391477,0.0,1.0,57.49
337,JAG,2017-12-18,14.86,14.99,14.51,14.66,14.66,323792,0.0,1.0,57.17
338,JAG,2017-12-15,14.345,14.49,14.19,14.42,14.42,1040639,0.0,1.0,57.29
339,JAG,2017-12-14,14.63,14.77,14.27,14.28,14.28,451946,0.0,1.0,57.0
340,JAG,2017-12-13,14.4,14.85,14.24,14.63,14.63,740780,0.0,1.0,56.59
341,JAG,2017-12-12,14.5,14.5,14.07,14.29,14.29,591028,0.0,1.0,57.12
342,JAG,2017-12-11,14.2,14.5,14.2,14.5,14.5,494720,0.0,1.0,57.84
343,JAG,2017-12-08,14.08,14.48,13.9,14.19,14.19,605791,0.0,1.0,57.15
344,JAG,2017-12-07,13.91,14.14,13.81,13.96,13.96,435627,0.0,1.0,56.5
345,JAG,2017-12-06,14.64,14.64,13.905,13.93,13.93,512151,0.0,1.0,55.79
346,JAG,2017-12-05,15.08,15.31,14.72,14.75,14.75,759471,0.0,1.0,57.66
347,JAG,2017-12-04,15.3,15.48,15.05,15.15,15.15,764607,0.0,1.0,57.48
348,JAG,2017-12-01,15.24,15.52,14.79,15.29,15.29,972365,0.0,1.0,58.35
349,JAG,2017-11-30,14.89,15.47,14.85,15.18,15.18,1912623,0.0,1.0,57.4
350,JAG,2017-11-29,14.97,15.12,14.66,14.78,14.78,619830,0.0,1.0,57.25
351,JAG,2017-11-28,14.86,15.05,14.76,14.92,14.92,755896,0.0,1.0,57.96
352,JAG,2017-11-27,15.21,15.22,14.78,14.8,14.8,534852,0.0,1.0,58.1
353,JAG,2017-11-24,15.11,15.25,15.06,15.23,15.23,334876,0.0,1.0,58.94
354,JAG,2017-11-22,14.98,15.21,14.81,15.07,15.07,930346,0.0,1.0,57.88
355,JAG,2017-11-21,14.65,14.96,14.61,14.71,14.71,683675,0.0,1.0,56.84
356,JAG,2017-11-20,14.53,14.64,14.21,14.55,14.55,483571,0.0,1.0,56.21
357,JAG,2017-11-17,14.14,14.64,14.14,14.6,14.6,795160,0.0,1.0,56.21
358,JAG,2017-11-16,14.35,14.44,14.05,14.1,14.1,450809,0.0,1.0,55.14
359,JAG,2017-11-15,14.19,14.45,14.05,14.34,14.34,1198878,0.0,1.0,55.28
360,JAG,2017-11-14,14.66,14.74,14.27,14.33,14.33,1076116,0.0,1.0,55.67
361,JAG,2017-11-13,14.88,14.98,14.67,14.77,14.77,756480,0.0,1.0,56.77
362,JAG,2017-11-10,14.93,15.214,14.78,14.93,14.93,1021319,0.0,1.0,56.75
363,JAG,2017-11-09,14.55,15.04,13.9,14.93,14.93,2190516,0.0,1.0,57.16
364,JAG,2017-11-08,15.03,15.08,14.74,14.93,14.93,1404814,0.0,1.0,56.82
365,JAG,2017-11-07,15.2,15.2,14.87,15.03,15.03,1320248,0.0,1.0,57.19
366,JAG,2017-11-06,14.97,15.11,14.69,15.11,15.11,1274586,0.0,1.0,57.34
367,JAG,2017-11-03,14.5,14.95,14.37,14.82,14.82,854815,0.0,1.0,55.63
368,JAG,2017-11-02,14.38,14.515,14.26,14.5,14.5,822297,0.0,1.0,54.55
369,JAG,2017-11-01,14.0,14.47,13.91,14.43,14.43,1348855,0.0,1.0,54.32
370,JAG,2017-10-31,13.88,14.0,13.631,13.89,13.89,1046528,0.0,1.0,54.36
371,JAG,2017-10-30,13.72,14.0,13.65,13.84,13.84,737472,0.0,1.0,54.11
372,JAG,2017-10-27,13.28,13.64,13.18,13.64,13.64,888127,0.0,1.0,53.92
373,JAG,2017-10-26,13.22,13.37,12.84,13.33,13.33,525671,0.0,1.0,52.41
374,JAG,2017-10-25,13.36,13.44,12.93,13.19,13.19,758750,0.0,1.0,51.97
375,JAG,2017-10-24,13.45,13.72,13.295,13.32,13.32,991841,0.0,1.0,52.32
376,JAG,2017-10-23,13.76,13.82,13.35,13.44,13.44,349677,0.0,1.0,51.91
377,JAG,2017-10-20,13.52,13.72,13.23,13.68,13.68,532204,0.0,1.0,51.63
378,JAG,2017-10-19,13.87,13.93,13.37,13.42,13.42,530413,0.0,1.0,51.29
379,JAG,2017-10-18,13.9,14.0,13.73,13.99,13.99,404531,0.0,1.0,52.05
380,JAG,2017-10-17,14.0,14.0,13.71,13.88,13.88,538369,0.0,1.0,51.87
381,JAG,2017-10-16,13.97,14.0,13.88,13.95,13.95,653758,0.0,1.0,51.86
382,JAG,2017-10-13,13.6,13.99,13.6,13.92,13.92,481993,0.0,1.0,51.43
383,JAG,2017-10-12,14.0,14.0,13.47,13.87,13.87,624010,0.0,1.0,50.61
384,JAG,2017-10-11,13.5,13.96,13.49,13.96,13.96,553889,0.0,1.0,51.3
385,JAG,2017-10-10,13.5,13.94,13.42,13.75,13.75,1041877,0.0,1.0,50.93
386,JAG,2017-10-09,13.43,13.75,13.42,13.7,13.7,519130,0.0,1.0,49.58
387,JAG,2017-10-06,13.3,13.5,13.3,13.49,13.49,483092,0.0,1.0,49.34
388,JAG,2017-10-05,13.58,13.7,13.29,13.65,13.65,328547,0.0,1.0,50.79
389,JAG,2017-10-04,13.5,13.73,13.39,13.57,13.57,371838,0.0,1.0,50.0
390,JAG,2017-10-03,13.53,13.85,13.4,13.66,13.66,690818,0.0,1.0,50.44
391,JAG,2017-10-02,13.55,13.65,13.3,13.57,13.57,607380,0.0,1.0,50.59
392,JAG,2017-09-29,13.75,13.95,13.45,13.66,13.66,1134926,0.0,1.0,51.67
393,JAG,2017-09-28,13.5,14.0,13.5,13.7,13.7,896076,0.0,1.0,51.62
394,JAG,2017-09-27,13.62,13.97,13.42,13.95,13.95,921285,0.0,1.0,52.14
395,JAG,2017-09-26,13.32,13.6,13.26,13.58,13.58,760136,0.0,1.0,51.59
396,JAG,2017-09-25,13.39,13.68,13.02,13.59,13.59,818580,0.0,1.0,51.85
397,JAG,2017-09-22,13.35,13.5,13.01,13.42,13.42,803499,0.0,1.0,50.33
398,JAG,2017-09-21,12.99,13.42,12.91,13.37,13.37,906787,0.0,1.0,50.58
399,JAG,2017-09-20,12.5,13.17,12.49,13.14,13.14,1829453,0.0,1.0,50.29
400,JAG,2017-09-19,12.6,12.74,12.395,12.66,12.66,1730023,0.0,1.0,49.54
401,JAG,2017-09-18,12.24,12.68,12.2,12.64,12.64,787376,0.0,1.0,49.88
402,JAG,2017-09-15,12.63,12.7,12.21,12.31,12.31,3223006,0.0,1.0,49.9
403,JAG,2017-09-14,12.59,12.71,12.43,12.54,12.54,1289239,0.0,1.0,49.86
404,JAG,2017-09-13,12.15,12.6,12.1,12.45,12.45,1110570,0.0,1.0,49.3
405,JAG,2017-09-12,11.9,12.35,11.89,12.13,12.13,930052,0.0,1.0,48.21
406,JAG,2017-09-11,11.73,12.17,11.711,11.91,11.91,807433,0.0,1.0,48.06
407,JAG,2017-09-08,12.3,12.3,11.52,11.77,11.77,844841,0.0,1.0,47.44
408,JAG,2017-09-07,12.77,12.81,12.26,12.36,12.36,994623,0.0,1.0,49.1
409,JAG,2017-09-06,12.92,13.08,12.65,12.76,12.76,847668,0.0,1.0,49.13
410,JAG,2017-09-05,12.9,13.025,12.65,12.82,12.82,632851,0.0,1.0,48.63
411,JAG,2017-09-01,12.9,13.05,12.63,12.83,12.83,625290,0.0,1.0,47.32
412,JAG,2017-08-31,12.6,13.0,12.58,12.81,12.81,546648,0.0,1.0,47.26
413,JAG,2017-08-30,12.16,12.64,11.92,12.57,12.57,647052,0.0,1.0,45.96
414,JAG,2017-08-29,12.0,12.28,11.81,12.2,12.2,550527,0.0,1.0,46.46
415,JAG,2017-08-28,12.38,12.38,11.83,12.11,12.11,502277,0.0,1.0,46.4
416,JAG,2017-08-25,12.43,12.5,12.27,12.39,12.39,695222,0.0,1.0,47.65
417,JAG,2017-08-24,12.31,12.5,12.17,12.36,12.36,686443,0.0,1.0,47.24
418,JAG,2017-08-23,12.02,12.4,11.98,12.36,12.36,792499,0.0,1.0,48.45
419,JAG,2017-08-22,12.0,12.27,11.89,12.1,12.1,321249,0.0,1.0,47.65
420,JAG,2017-08-21,12.08,12.08,11.8,12.0,12.0,490123,0.0,1.0,47.39
421,JAG,2017-08-18,11.83,12.24,11.83,12.1,12.1,695891,0.0,1.0,48.59
422,JAG,2017-08-17,12.04,12.36,11.84,11.84,11.84,922690,0.0,1.0,47.07
423,JAG,2017-08-16,12.08,12.29,11.9,12.06,12.06,712487,0.0,1.0,46.8
424,JAG,2017-08-15,12.14,12.18,11.84,12.0,12.0,692607,0.0,1.0,47.57
425,JAG,2017-08-14,12.68,12.805,12.15,12.18,12.18,969495,0.0,1.0,47.59
426,JAG,2017-08-11,12.54,13.05,12.54,12.79,12.79,998578,0.0,1.0,48.81
427,JAG,2017-08-10,12.86,13.2,11.68,12.69,12.69,1942591,0.0,1.0,48.54
428,JAG,2017-08-09,13.25,13.28,12.9,13.12,13.12,1394335,0.0,1.0,49.59
429,JAG,2017-08-08,12.75,13.56,12.75,13.18,13.18,985297,0.0,1.0,49.07
430,JAG,2017-08-07,12.83,13.12,12.59,12.84,12.84,580902,0.0,1.0,49.37
431,JAG,2017-08-04,12.83,13.14,12.68,12.97,12.97,798545,0.0,1.0,49.57
432,JAG,2017-08-03,13.73,13.83,12.74,12.85,12.85,798819,0.0,1.0,49.03
433,JAG,2017-08-02,13.62,13.91,13.47,13.75,13.75,637365,0.0,1.0,49.6
434,JAG,2017-08-01,14.0,14.08,13.665,13.73,13.73,773397,0.0,1.0,49.19
435,JAG,2017-07-31,14.36,14.41,13.87,14.16,14.16,771484,0.0,1.0,50.21
436,JAG,2017-07-28,14.79,14.85,14.02,14.36,14.36,846950,0.0,1.0,49.72
437,JAG,2017-07-27,14.53,14.82,14.3,14.79,14.79,517693,0.0,1.0,49.05
438,JAG,2017-07-26,14.11,14.84,13.99,14.58,14.58,938293,0.0,1.0,48.58
439,JAG,2017-07-25,13.31,14.08,13.31,14.04,14.04,494620,0.0,1.0,47.77
440,JAG,2017-07-24,13.09,13.27,12.85,13.09,13.09,262986,0.0,1.0,46.21
441,JAG,2017-07-21,13.59,13.63,12.96,13.07,13.07,655281,0.0,1.0,45.78
442,JAG,2017-07-20,13.9,14.14,13.42,13.55,13.55,608118,0.0,1.0,46.73
443,JAG,2017-07-19,13.42,14.04,13.335,13.97,13.97,683710,0.0,1.0,47.1
444,JAG,2017-07-18,13.94,14.07,13.45,13.55,13.55,675870,0.0,1.0,46.4
445,JAG,2017-07-17,14.02,14.28,13.71,14.01,14.01,312359,0.0,1.0,46.02
446,JAG,2017-07-14,14.17,14.745,14.07,14.13,14.13,565469,0.0,1.0,46.53
447,JAG,2017-07-13,14.2,14.32,13.73,14.29,14.29,684012,0.0,1.0,46.06
448,JAG,2017-07-12,14.28,15.19,13.79,14.37,14.37,1899950,0.0,1.0,45.48
449,JAG,2017-07-11,13.5,13.75,13.16,13.72,13.72,380995,0.0,1.0,45.06
450,JAG,2017-07-10,13.03,13.59,12.97,13.46,13.46,351013,0.0,1.0,44.4
451,JAG,2017-07-07,13.0,13.265,12.71,13.06,13.06,810348,0.0,1.0,44.25
452,JAG,2017-07-06,13.4,13.55,12.96,13.08,13.08,728488,0.0,1.0,45.52
453,JAG,2017-07-05,13.75,13.75,13.11,13.38,13.38,645891,0.0,1.0,45.11
454,JAG,2017-07-03,13.47,13.85,13.28,13.8,13.8,419199,0.0,1.0,46.02
455,JAG,2017-06-30,13.06,13.575,12.93,13.35,13.35,593525,0.0,1.0,46.02
456,JAG,2017-06-29,12.9,13.14,12.74,12.93,12.93,800142,0.0,1.0,44.88
457,JAG,2017-06-28,12.82,13.15,12.52,12.92,12.92,501985,0.0,1.0,44.74
458,JAG,2017-06-27,12.84,13.14,12.495,12.79,12.79,1019530,0.0,1.0,44.25
459,JAG,2017-06-26,12.6,12.87,12.56,12.71,12.71,684390,0.0,1.0,43.24
460,JAG,2017-06-23,11.95,12.72,11.89,12.55,12.55,1416257,0.0,1.0,42.86
461,JAG,2017-06-22,12.04,12.41,11.875,11.93,11.93,632831,0.0,1.0,42.53
462,JAG,2017-06-21,12.72,12.89,11.71,12.01,12.01,940264,0.0,1.0,42.48
463,JAG,2017-06-20,12.68,12.765,12.11,12.66,12.66,336567,0.0,1.0,43.34
464,JAG,2017-06-19,13.19,13.19,11.9,12.76,12.76,622557,0.0,1.0,44.24
465,JAG,2017-06-16,12.92,13.17,12.35,12.97,12.97,2296754,0.0,1.0,44.73
466,JAG,2017-06-15,13.08,13.54,12.935,12.96,12.96,1018153,0.0,1.0,44.47
467,JAG,2017-06-14,13.23,13.35,12.83,13.19,13.19,471456,0.0,1.0,44.79
468,JAG,2017-06-13,12.92,13.35,12.92,13.29,13.29,454688,0.0,1.0,46.41
469,JAG,2017-06-12,13.56,13.63,12.92,13.09,13.09,834767,0.0,1.0,46.1
470,JAG,2017-06-09,12.68,13.69,12.68,13.35,13.35,579921,0.0,1.0,45.82
471,JAG,2017-06-08,12.64,12.96,12.52,12.71,12.71,405663,0.0,1.0,45.68
472,JAG,2017-06-07,13.16,13.41,12.58,12.81,12.81,456192,0.0,1.0,45.8
473,JAG,2017-06-06,13.03,13.45,12.865,13.2,13.2,527996,0.0,1.0,48.13
474,JAG,2017-06-05,13.34,13.56,12.83,13.12,13.12,502396,0.0,1.0,47.4
475,JAG,2017-06-02,13.43,13.645,13.31,13.45,13.45,583842,0.0,1.0,47.68
476,JAG,2017-06-01,12.94,13.6,12.94,13.37,13.37,627081,0.0,1.0,48.32
477,JAG,2017-05-31,13.07,13.08,12.45,13.01,13.01,1447007,0.0,1.0,48.29
478,JAG,2017-05-30,13.7,13.73,12.95,13.08,13.08,1044944,0.0,1.0,49.63
479,JAG,2017-05-26,13.35,13.96,13.3,13.94,13.94,1031620,0.0,1.0,49.58
480,JAG,2017-05-25,13.6,13.93,12.94,13.31,13.31,507426,0.0,1.0,48.57
481,JAG,2017-05-24,13.31,13.77,13.15,13.64,13.64,558597,0.0,1.0,50.99
482,JAG,2017-05-23,13.15,13.56,13.03,13.46,13.46,1487218,0.0,1.0,51.12
483,JAG,2017-05-22,13.33,13.4,13.06,13.16,13.16,545797,0.0,1.0,50.81
484,JAG,2017-05-19,13.16,13.62,12.96,13.28,13.28,557016,0.0,1.0,50.32
485,JAG,2017-05-18,12.94,13.29,12.76,13.06,13.06,649763,0.0,1.0,49.36
486,JAG,2017-05-17,13.15,13.38,12.96,12.98,12.98,878297,0.0,1.0,49.04
487,JAG,2017-05-16,13.28,13.36,12.81,13.18,13.18,634811,0.0,1.0,48.64
488,JAG,2017-05-15,13.2,13.47,12.93,13.15,13.15,839117,0.0,1.0,48.86
489,JAG,2017-05-12,13.19,13.66,12.59,12.93,12.93,1587190,0.0,1.0,47.83
490,JAG,2017-05-11,12.0,12.133,11.78,12.01,12.01,769019,0.0,1.0,47.81
491,JAG,2017-05-10,11.68,12.26,11.575,11.99,11.99,435730,0.0,1.0,47.28
492,JAG,2017-05-09,11.75,11.76,11.41,11.58,11.58,332589,0.0,1.0,45.84
493,JAG,2017-05-08,11.47,11.74,11.21,11.7,11.7,290179,0.0,1.0,46.46
494,JAG,2017-05-05,11.28,11.45,11.28,11.44,11.44,420903,0.0,1.0,46.23
495,JAG,2017-05-04,11.72,11.72,11.21,11.26,11.26,639754,0.0,1.0,45.55
496,JAG,2017-05-03,11.22,11.81,11.16,11.75,11.75,664791,0.0,1.0,47.79
497,JAG,2017-05-02,11.3,11.46,11.05,11.24,11.24,817074,0.0,1.0,47.65
498,JAG,2017-05-01,11.2,11.2,10.96,11.15,11.15,742799,0.0,1.0,48.83
499,JAG,2017-04-28,11.34,11.53,11.02,11.14,11.14,488181,0.0,1.0,49.31
500,JAG,2017-04-27,11.59,11.59,11.2,11.29,11.29,247186,0.0,1.0,48.96
501,JAG,2017-04-26,11.79,12.06,11.51,11.69,11.69,457221,0.0,1.0,49.22
502,JAG,2017-04-25,11.67,11.85,11.2,11.83,11.83,1228674,0.0,1.0,49.22
503,JAG,2017-04-24,11.94,11.94,11.5,11.65,11.65,489244,0.0,1.0,48.9
504,JAG,2017-04-21,11.95,11.955,11.57,11.85,11.85,404874,0.0,1.0,49.64
505,JAG,2017-04-20,12.05,12.095,11.7,11.99,11.99,675718,0.0,1.0,50.26
506,JAG,2017-04-19,12.36,12.6,11.75,11.95,11.95,655233,0.0,1.0,50.49
507,JAG,2017-04-18,12.38,12.61,12.3,12.35,12.35,227942,0.0,1.0,52.46
508,JAG,2017-04-17,12.54,12.54,12.29,12.46,12.46,198803,0.0,1.0,52.62
509,JAG,2017-04-13,12.71,12.86,12.42,12.44,12.44,253307,0.0,1.0,53.19
510,JAG,2017-04-12,12.69,13.23,12.56,12.75,12.75,456722,0.0,1.0,53.12
511,JAG,2017-04-11,12.72,12.72,12.19,12.6,12.6,954641,0.0,1.0,53.38
512,JAG,2017-04-10,12.67,13.03,12.59,12.74,12.74,431904,0.0,1.0,53.06
513,JAG,2017-04-07,13.08,13.08,12.505,12.65,12.65,825223,0.0,1.0,52.25
514,JAG,2017-04-06,12.94,13.23,12.846,13.08,13.08,621109,0.0,1.0,51.69
515,JAG,2017-04-05,13.56,13.99,12.9,12.95,12.95,786430,0.0,1.0,51.14
516,JAG,2017-04-04,12.94,13.46,12.94,13.42,13.42,662133,0.0,1.0,50.99
517,JAG,2017-04-03,12.98,13.18,12.72,12.97,12.97,726373,0.0,1.0,50.25
518,JAG,2017-03-31,12.92,13.35,12.705,13.04,13.04,3732086,0.0,1.0,50.54
519,JAG,2017-03-30,12.75,13.03,12.39,12.86,12.86,620203,0.0,1.0,50.3
520,JAG,2017-03-29,12.44,13.19,12.27,12.74,12.74,1137544,0.0,1.0,49.47
521,JAG,2017-03-28,11.87,12.53,11.8,12.5,12.5,843236,0.0,1.0,48.36
522,JAG,2017-03-27,12.15,12.15,11.67,11.85,11.85,765690,0.0,1.0,47.02
523,JAG,2017-03-24,12.4,12.84,12.0,12.31,12.31,780951,0.0,1.0,47.3
524,JAG,2017-03-23,12.37,12.68,11.91,12.0,12.0,699471,0.0,1.0,47.0
525,JAG,2017-03-22,12.32,12.48,12.25,12.26,12.26,517990,0.0,1.0,47.29
526,JAG,2017-03-21,12.48,12.696,12.11,12.36,12.36,455766,0.0,1.0,47.02
527,JAG,2017-03-20,12.13,12.7,12.09,12.5,12.5,429484,0.0,1.0,47.79
528,JAG,2017-03-17,12.13,12.67,11.82,12.18,12.18,2838629,0.0,1.0,48.34
529,JAG,2017-03-16,12.65,12.85,11.71,12.16,12.16,1464650,0.0,1.0,48.3
530,JAG,2017-03-15,12.28,12.54,11.85,12.49,12.49,698052,0.0,1.0,48.34
531,JAG,2017-03-14,12.5,12.73,12.0,12.25,12.25,618900,0.0,1.0,47.24
532,JAG,2017-03-13,12.57,12.93,12.49,12.52,12.52,500710,0.0,1.0,47.95
533,JAG,2017-03-10,12.65,12.71,12.48,12.57,12.57,612871,0.0,1.0,48.05
534,JAG,2017-03-09,13.3,13.35,12.11,12.56,12.56,1192717,0.0,1.0,48.75
535,JAG,2017-03-08,13.22,13.45,12.87,13.25,13.25,1095771,0.0,1.0,49.83
536,JAG,2017-03-07,13.48,13.5,12.87,13.36,13.36,458946,0.0,1.0,52.68
537,JAG,2017-03-06,13.56,13.83,13.3,13.38,13.38,447823,0.0,1.0,53.19
538,JAG,2017-03-03,13.51,13.99,13.35,13.53,13.53,315677,0.0,1.0,53.33
539,JAG,2017-03-02,13.96,13.97,13.44,13.55,13.55,287907,0.0,1.0,52.63
540,JAG,2017-03-01,13.79,14.48,13.79,13.96,13.96,689935,0.0,1.0,53.82
541,JAG,2017-02-28,13.74,14.0,13.28,13.77,13.77,977572,0.0,1.0,54.0
542,JAG,2017-02-27,13.96,14.23,13.58,13.68,13.68,889592,0.0,1.0,54.04
543,JAG,2017-02-24,14.0,14.24,13.74,13.96,13.96,682439,0.0,1.0,53.99
544,JAG,2017-02-23,13.91,14.27,13.91,14.03,14.03,1261931,0.0,1.0,54.48
545,JAG,2017-02-22,14.14,14.14,13.73,13.85,13.85,740849,0.0,1.0,53.61
546,JAG,2017-02-21,14.04,14.18,13.8,14.0,14.0,1226287,0.0,1.0,54.02
547,JAG,2017-02-17,13.5,13.88,13.35,13.5,13.5,736695,0.0,1.0,53.41
548,JAG,2017-02-16,13.6,13.8,13.32,13.58,13.58,650527,0.0,1.0,53.41
549,JAG,2017-02-15,13.86,14.18,13.56,13.58,13.58,586541,0.0,1.0,53.11
550,JAG,2017-02-14,14.0,14.26,13.75,13.92,13.92,791139,0.0,1.0,53.21
551,JAG,2017-02-13,14.42,14.49,13.87,13.99,13.99,655743,0.0,1.0,52.96
552,JAG,2017-02-10,14.39,14.59,14.16,14.48,14.48,631380,0.0,1.0,53.84
553,JAG,2017-02-09,14.48,14.78,14.35,14.47,14.47,1027883,0.0,1.0,52.99
554,JAG,2017-02-08,14.5,14.54,14.21,14.52,14.52,1158810,0.0,1.0,52.37
555,JAG,2017-02-07,14.89,14.95,14.34,14.56,14.56,2083925,0.0,1.0,52.19
556,JAG,2017-02-06,14.77,15.08,14.7,14.89,14.89,958588,0.0,1.0,53.01
557,JAG,2017-02-03,14.7,14.85,14.7,14.72,14.72,510506,0.0,1.0,53.81
558,JAG,2017-02-02,14.75,14.8,14.691,14.7,14.7,873726,0.0,1.0,53.55
559,JAG,2017-02-01,14.51,14.8,14.5,14.75,14.75,1095648,0.0,1.0,53.9
560,JAG,2017-01-31,14.73,14.73,14.36,14.51,14.51,456555,0.0,1.0,52.75
561,JAG,2017-01-30,14.35,14.95,14.25,14.5,14.5,2517374,0.0,1.0,52.63
562,JAG,2017-01-27,14.1,14.52,13.83,14.33,14.33,15783498,0.0,1.0,53.18
