,date,open,high,low,close,adjusted_close,volume,dividend_amount,split_coefficient
0,2019-05-07,4.5000,4.5100,4.2600,4.4100,4.4100,3795704,0.0000,1.0000
1,2019-05-06,4.4200,4.5800,4.3100,4.5600,4.5600,4357610,0.0000,1.0000
2,2019-05-03,4.1600,4.6450,4.1000,4.5800,4.5800,7676580,0.0000,1.0000
3,2019-05-02,4.4300,4.5109,4.2450,4.2600,4.2600,4641621,0.0000,1.0000
4,2019-05-01,4.7100,4.7600,4.4400,4.4700,4.4700,2817417,0.0000,1.0000
5,2019-04-30,4.7700,4.8000,4.6300,4.7000,4.7000,3535670,0.0000,1.0000
6,2019-04-29,4.8500,4.9000,4.6700,4.7300,4.7300,4321795,0.0000,1.0000
7,2019-04-26,5.1100,5.1255,4.7000,4.8200,4.8200,5215473,0.0000,1.0000
8,2019-04-25,5.2900,5.4250,5.1200,5.1700,5.1700,3414155,0.0000,1.0000
9,2019-04-24,5.4800,5.4900,5.2300,5.2400,5.2400,7593723,0.0000,1.0000
10,2019-04-23,5.6100,5.6700,5.3550,5.4800,5.4800,4685208,0.0000,1.0000
11,2019-04-22,5.1300,5.6000,5.0900,5.5900,5.5900,6263855,0.0000,1.0000
12,2019-04-18,5.0600,5.2200,5.0400,5.0600,5.0600,4482310,0.0000,1.0000
13,2019-04-17,5.0400,5.1350,4.8700,5.0600,5.0600,6593995,0.0000,1.0000
14,2019-04-16,5.0600,5.0975,4.8800,5.0200,5.0200,2915275,0.0000,1.0000
15,2019-04-15,5.1100,5.1500,4.9500,5.0100,5.0100,3588101,0.0000,1.0000
16,2019-04-12,5.1400,5.2400,5.0000,5.1200,5.1200,4840508,0.0000,1.0000
17,2019-04-11,5.0600,5.0800,4.8600,4.9000,4.9000,5411907,0.0000,1.0000
18,2019-04-10,5.0300,5.1150,4.9400,5.0800,5.0800,3463019,0.0000,1.0000
19,2019-04-09,5.3100,5.3700,4.9800,5.0100,5.0100,5099091,0.0000,1.0000
20,2019-04-08,5.3500,5.5200,5.2100,5.3600,5.3600,4350535,0.0000,1.0000
21,2019-04-05,4.8600,5.4275,4.8600,5.3000,5.3000,7042357,0.0000,1.0000
22,2019-04-04,4.2100,4.9500,4.2100,4.8900,4.8900,6360986,0.0000,1.0000
23,2019-04-03,4.3300,4.3450,4.1900,4.2800,4.2800,5484082,0.0000,1.0000
24,2019-04-02,4.4000,4.4600,4.2400,4.2500,4.2500,5924868,0.0000,1.0000
25,2019-04-01,4.3100,4.4600,4.2300,4.3700,4.3700,4585014,0.0000,1.0000
26,2019-03-29,4.2100,4.3350,4.1300,4.2300,4.2300,11623775,0.0000,1.0000
27,2019-03-28,4.1400,4.1900,4.0400,4.1700,4.1700,6281345,0.0000,1.0000
28,2019-03-27,4.2400,4.2900,3.9950,4.1800,4.1800,3680202,0.0000,1.0000
29,2019-03-26,4.2000,4.3100,4.1250,4.2300,4.2300,3364955,0.0000,1.0000
30,2019-03-25,4.1600,4.1700,4.0100,4.1500,4.1500,6513813,0.0000,1.0000
31,2019-03-22,4.4100,4.4100,4.1500,4.1900,4.1900,3935669,0.0000,1.0000
32,2019-03-21,4.4000,4.4800,4.3300,4.4600,4.4600,4971553,0.0000,1.0000
33,2019-03-20,4.2800,4.4600,4.1600,4.4000,4.4000,9578944,0.0000,1.0000
34,2019-03-19,4.2700,4.3200,4.2100,4.2900,4.2900,2877890,0.0000,1.0000
35,2019-03-18,3.9900,4.3000,3.9400,4.2400,4.2400,3814756,0.0000,1.0000
36,2019-03-15,4.0500,4.1100,3.9500,3.9600,3.9600,7089185,0.0000,1.0000
37,2019-03-14,4.0200,4.1300,3.9900,4.0800,4.0800,2683752,0.0000,1.0000
38,2019-03-13,3.8600,4.0800,3.8600,4.0400,4.0400,3561025,0.0000,1.0000
39,2019-03-12,3.7800,3.8800,3.7300,3.8100,3.8100,4949094,0.0000,1.0000
40,2019-03-11,3.6300,3.7800,3.5250,3.7600,3.7600,6348007,0.0000,1.0000
41,2019-03-08,3.7700,3.7950,3.5800,3.6200,3.6200,6301125,0.0000,1.0000
42,2019-03-07,3.8800,3.9250,3.7400,3.8600,3.8600,6825094,0.0000,1.0000
43,2019-03-06,4.0900,4.1000,3.7150,3.8600,3.8600,4207779,0.0000,1.0000
44,2019-03-05,4.3300,4.3300,4.0650,4.1300,4.1300,4225193,0.0000,1.0000
45,2019-03-04,4.2300,4.3000,4.1200,4.2500,4.2500,2911512,0.0000,1.0000
46,2019-03-01,4.2300,4.3600,4.1300,4.1600,4.1600,4354362,0.0000,1.0000
47,2019-02-28,4.1900,4.2600,4.1000,4.2000,4.2000,4211764,0.0000,1.0000
48,2019-02-27,4.5700,4.5700,4.1600,4.1800,4.1800,6619698,0.0000,1.0000
49,2019-02-26,4.5600,4.6500,4.4550,4.5400,4.5400,2698452,0.0000,1.0000
50,2019-02-25,4.4600,4.6400,4.4203,4.5800,4.5800,5654568,0.0000,1.0000
51,2019-02-22,4.4500,5.0500,4.3900,4.5200,4.5200,12829583,0.0000,1.0000
52,2019-02-21,3.9400,4.0808,3.7150,3.8100,3.8100,8420349,0.0000,1.0000
53,2019-02-20,3.7900,3.9500,3.7600,3.9100,3.9100,3792476,0.0000,1.0000
54,2019-02-19,3.8700,3.9250,3.7800,3.7900,3.7900,2444459,0.0000,1.0000
55,2019-02-15,3.7100,3.9100,3.6950,3.8900,3.8900,3329424,0.0000,1.0000
56,2019-02-14,3.5000,3.7150,3.5000,3.6700,3.6700,2457504,0.0000,1.0000
57,2019-02-13,3.5200,3.6600,3.4900,3.5300,3.5300,5652683,0.0000,1.0000
58,2019-02-12,3.5100,3.6600,3.1400,3.5000,3.5000,8360482,0.0000,1.0000
59,2019-02-11,3.4500,3.5000,3.3900,3.4500,3.4500,3556223,0.0000,1.0000
60,2019-02-08,3.5500,3.5850,3.3900,3.4900,3.4900,2523422,0.0000,1.0000
61,2019-02-07,3.8600,3.8800,3.5400,3.5700,3.5700,3431620,0.0000,1.0000
62,2019-02-06,3.9300,4.0400,3.8700,3.8800,3.8800,2217090,0.0000,1.0000
63,2019-02-05,4.1700,4.2200,3.9200,3.9400,3.9400,1847650,0.0000,1.0000
64,2019-02-04,3.9400,4.2300,3.8900,4.1700,4.1700,4741853,0.0000,1.0000
65,2019-02-01,3.9600,4.0100,3.7950,3.9300,3.9300,3163657,0.0000,1.0000
66,2019-01-31,4.1500,4.1700,3.9300,3.9400,3.9400,3186776,0.0000,1.0000
67,2019-01-30,4.0800,4.1750,3.9400,4.1400,4.1400,7412655,0.0000,1.0000
68,2019-01-29,4.1300,4.1500,3.9850,4.0600,4.0600,3855863,0.0000,1.0000
69,2019-01-28,4.3000,4.3100,4.0300,4.1100,4.1100,3007198,0.0000,1.0000
70,2019-01-25,4.4200,4.5200,4.3100,4.3500,4.3500,2035070,0.0000,1.0000
71,2019-01-24,4.3800,4.4100,4.0100,4.3900,4.3900,3369716,0.0000,1.0000
72,2019-01-23,4.6500,4.7000,4.3100,4.3800,4.3800,3031284,0.0000,1.0000
73,2019-01-22,4.8800,4.8800,4.5100,4.6200,4.6200,3580312,0.0000,1.0000
74,2019-01-18,4.8200,5.0400,4.7300,4.9500,4.9500,3450408,0.0000,1.0000
75,2019-01-17,4.8400,4.8400,4.6700,4.7800,4.7800,4810121,0.0000,1.0000
76,2019-01-16,4.8000,5.0600,4.8000,4.8700,4.8700,3994850,0.0000,1.0000
77,2019-01-15,4.7700,4.8700,4.7315,4.8100,4.8100,3860751,0.0000,1.0000
78,2019-01-14,4.7300,4.8400,4.6700,4.7400,4.7400,4750201,0.0000,1.0000
79,2019-01-11,4.8100,4.9600,4.6700,4.8000,4.8000,3287290,0.0000,1.0000
80,2019-01-10,4.6900,5.0050,4.6000,4.8700,4.8700,3040337,0.0000,1.0000
81,2019-01-09,4.5400,4.7300,4.4200,4.7200,4.7200,3283999,0.0000,1.0000
82,2019-01-08,4.5200,4.5750,4.2200,4.4800,4.4800,2580497,0.0000,1.0000
83,2019-01-07,4.5100,4.5800,4.3700,4.4400,4.4400,4487653,0.0000,1.0000
84,2019-01-04,4.3800,4.5900,4.3700,4.5000,4.5000,4761647,0.0000,1.0000
85,2019-01-03,4.4000,4.4800,4.2100,4.2700,4.2700,2468382,0.0000,1.0000
86,2019-01-02,4.1800,4.4700,4.0400,4.3900,4.3900,3351360,0.0000,1.0000
87,2018-12-31,4.4400,4.6077,4.1100,4.2900,4.2900,2217540,0.0000,1.0000
88,2018-12-28,4.5000,4.6500,4.3400,4.3900,4.3900,2155209,0.0000,1.0000
89,2018-12-27,4.3000,4.6450,4.2450,4.4700,4.4700,4185311,0.0000,1.0000
90,2018-12-26,3.9400,4.4200,3.7900,4.4000,4.4000,4902141,0.0000,1.0000
91,2018-12-24,4.0600,4.2400,3.8600,3.8800,3.8800,2565937,0.0000,1.0000
92,2018-12-21,4.3900,4.4700,4.0200,4.1100,4.1100,10128146,0.0000,1.0000
93,2018-12-20,4.3500,4.4700,4.1800,4.3500,4.3500,7897904,0.0000,1.0000
94,2018-12-19,4.5900,4.6800,4.3300,4.3900,4.3900,7685911,0.0000,1.0000
95,2018-12-18,4.6600,4.7300,4.4300,4.5600,4.5600,7329228,0.0000,1.0000
96,2018-12-17,4.7200,4.8600,4.5700,4.6400,4.6400,4534574,0.0000,1.0000
97,2018-12-14,5.1400,5.1900,4.7900,4.8000,4.8000,3727053,0.0000,1.0000
98,2018-12-13,5.3100,5.3750,5.1700,5.2500,5.2500,2112178,0.0000,1.0000
99,2018-12-12,5.3400,5.5400,5.3000,5.3300,5.3300,1830557,0.0000,1.0000
100,2018-12-11,5.3200,5.4650,5.1600,5.2500,5.2500,1983070,0.0000,1.0000
101,2018-12-10,5.4400,5.5500,5.1200,5.2200,5.2200,3033214,0.0000,1.0000
102,2018-12-07,5.5000,5.7250,5.4200,5.5500,5.5500,3766637,0.0000,1.0000
103,2018-12-06,5.8300,5.8400,5.4100,5.5400,5.5400,4210332,0.0000,1.0000
104,2018-12-04,6.1700,6.2800,5.9400,5.9800,5.9800,3032313,0.0000,1.0000
105,2018-12-03,5.9000,6.2500,5.9000,6.2000,6.2000,4300444,0.0000,1.0000
106,2018-11-30,5.8200,5.9100,5.4300,5.7000,5.7000,4099022,0.0000,1.0000
107,2018-11-29,5.9700,6.0500,5.7800,5.9800,5.9800,4033308,0.0000,1.0000
108,2018-11-28,6.0500,6.0800,5.7000,5.9500,5.9500,3884674,0.0000,1.0000
109,2018-11-27,6.2500,6.3100,5.9750,6.0300,6.0300,4392332,0.0000,1.0000
110,2018-11-26,6.5800,6.6400,6.2400,6.3300,6.3300,2466343,0.0000,1.0000
111,2018-11-23,6.6500,6.7250,6.4300,6.4600,6.4600,1306484,0.0000,1.0000
112,2018-11-21,6.7500,7.0000,6.6500,6.9100,6.9100,2506385,0.0000,1.0000
113,2018-11-20,6.8000,7.0400,6.5599,6.6600,6.6600,6883387,0.0000,1.0000
114,2018-11-19,6.8100,7.0200,6.5700,7.0100,7.0100,7432114,0.0000,1.0000
115,2018-11-16,7.0100,7.0100,6.6000,6.7500,6.7500,4729609,0.0000,1.0000
116,2018-11-15,6.9400,7.3000,6.8650,6.9900,6.9900,4134461,0.0000,1.0000
117,2018-11-14,7.2400,7.4600,6.8700,7.0300,7.0300,4625899,0.0000,1.0000
118,2018-11-13,7.2300,7.4300,6.8950,7.0600,7.0600,6588524,0.0000,1.0000
119,2018-11-12,8.4500,8.5500,7.1100,7.1300,7.1300,5974140,0.0000,1.0000
120,2018-11-09,8.4900,8.5300,8.0000,8.4250,8.4250,3521058,0.0000,1.0000
121,2018-11-08,9.1000,9.1690,8.4025,8.6450,8.6450,6511213,0.0000,1.0000
122,2018-11-07,10.0100,10.3100,9.0700,9.4400,9.4400,16095079,0.0000,1.0000
123,2018-11-06,8.9200,8.9600,8.5400,8.6900,8.6900,6334240,0.0000,1.0000
124,2018-11-05,8.2900,8.8300,8.2800,8.7200,8.7200,5373131,0.0000,1.0000
125,2018-11-02,8.4100,8.4900,7.9700,8.2500,8.2500,5096959,0.0000,1.0000
126,2018-11-01,8.0500,8.3400,7.9200,8.3300,8.3300,4815905,0.0000,1.0000
127,2018-10-31,7.7200,8.2400,7.6700,7.9900,7.9900,3936653,0.0000,1.0000
128,2018-10-30,7.3200,7.7000,7.2250,7.6600,7.6600,6900470,0.0000,1.0000
129,2018-10-29,7.6200,7.8100,7.2000,7.3300,7.3300,4618413,0.0000,1.0000
130,2018-10-26,7.9000,7.9000,7.5200,7.6100,7.6100,5156493,0.0000,1.0000
131,2018-10-25,8.1300,8.2200,7.9300,7.9700,7.9700,6711444,0.0000,1.0000
132,2018-10-24,8.1800,8.4900,8.0200,8.0600,8.0600,6856256,0.0000,1.0000
133,2018-10-23,8.3800,8.5000,7.7700,8.1300,8.1300,4661795,0.0000,1.0000
134,2018-10-22,9.0100,9.1500,8.4100,8.6450,8.6450,6206553,0.0000,1.0000
135,2018-10-19,9.1500,9.2200,8.8000,9.0900,9.0900,12193400,0.0000,1.0000
136,2018-10-18,10.6800,10.6800,10.0300,10.4800,10.4800,3581706,0.0000,1.0000
137,2018-10-17,10.9500,11.0900,10.7000,10.8100,10.8100,2703566,0.0000,1.0000
138,2018-10-16,11.0500,11.2800,10.8900,11.0000,11.0000,1952930,0.0000,1.0000
139,2018-10-15,10.6600,11.0300,10.6200,10.9600,10.9600,1802435,0.0000,1.0000
140,2018-10-12,10.5900,10.8600,10.3700,10.6900,10.6900,2057225,0.0000,1.0000
141,2018-10-11,10.5800,10.7600,10.2500,10.4000,10.4000,1999263,0.0000,1.0000
142,2018-10-10,10.9100,11.0150,10.5300,10.5900,10.5900,2382474,0.0000,1.0000
143,2018-10-09,10.6300,11.0250,10.4700,10.8500,10.8500,2082137,0.0000,1.0000
144,2018-10-08,10.6400,10.9200,10.4300,10.6300,10.6300,863224,0.0000,1.0000
145,2018-10-05,10.7300,10.8800,10.3700,10.7100,10.7100,1676604,0.0000,1.0000
146,2018-10-04,11.0200,11.2000,10.6700,10.7700,10.7700,1505589,0.0000,1.0000
147,2018-10-03,11.0800,11.1550,10.8100,11.0700,11.0700,2990221,0.0000,1.0000
148,2018-10-02,11.4400,11.5600,11.0400,11.0500,11.0500,1500603,0.0000,1.0000
149,2018-10-01,11.3600,11.8200,11.1900,11.4700,11.4700,1657120,0.0000,1.0000
150,2018-09-28,11.1400,11.3400,11.0200,11.2900,11.2900,1561322,0.0000,1.0000
151,2018-09-27,11.3600,11.5100,11.1100,11.1300,11.1300,1086115,0.0000,1.0000
152,2018-09-26,11.0800,11.4300,11.0200,11.2800,11.2800,1425555,0.0000,1.0000
153,2018-09-25,11.1000,11.4100,10.9600,11.1600,11.1600,1447760,0.0000,1.0000
154,2018-09-24,11.1100,11.4300,10.9300,11.0700,11.0700,1566413,0.0000,1.0000
155,2018-09-21,10.9800,11.0900,10.8600,11.0100,11.0100,4271942,0.0000,1.0000
156,2018-09-20,10.8200,11.0400,10.7000,10.9000,10.9000,2228413,0.0000,1.0000
157,2018-09-19,10.7600,10.9700,10.6800,10.7300,10.7300,1682560,0.0000,1.0000
158,2018-09-18,10.4200,10.8100,10.4200,10.8000,10.8000,2141061,0.0000,1.0000
159,2018-09-17,10.3200,10.4100,10.1700,10.3100,10.3100,1573148,0.0000,1.0000
160,2018-09-14,10.3000,10.4750,10.0400,10.2500,10.2500,3082748,0.0000,1.0000
161,2018-09-13,10.3700,10.5500,10.0500,10.4500,10.4500,2593272,0.0000,1.0000
162,2018-09-12,10.8000,10.9400,10.3400,10.4500,10.4500,2544839,0.0000,1.0000
163,2018-09-11,10.8700,10.9500,10.2000,10.7400,10.7400,3127597,0.0000,1.0000
164,2018-09-10,10.8800,11.0050,10.7700,10.8400,10.8400,2123746,0.0000,1.0000
165,2018-09-07,10.9900,11.0300,10.6900,10.8300,10.8300,1637573,0.0000,1.0000
166,2018-09-06,11.5600,11.5600,10.9700,11.0300,11.0300,2074556,0.0000,1.0000
167,2018-09-05,11.5200,11.6550,11.1900,11.5600,11.5600,1252125,0.0000,1.0000
168,2018-09-04,11.5900,11.7300,11.4300,11.5900,11.5900,1843416,0.0000,1.0000
169,2018-08-31,11.4300,11.6300,11.2200,11.5500,11.5500,1312400,0.0000,1.0000
170,2018-08-30,11.9300,12.0000,10.8600,11.4500,11.4500,4428779,0.0000,1.0000
171,2018-08-29,11.7500,12.2050,11.3700,11.7600,11.7600,5680831,0.0000,1.0000
172,2018-08-28,11.5900,11.8200,11.4300,11.7300,11.7300,2842373,0.0000,1.0000
173,2018-08-27,11.8400,11.9600,11.5900,11.6000,11.6000,726227,0.0000,1.0000
174,2018-08-24,11.9400,12.0250,11.7600,11.8200,11.8200,1095029,0.0000,1.0000
175,2018-08-23,12.2000,12.3000,11.6900,11.8200,11.8200,1413332,0.0000,1.0000
176,2018-08-22,11.9400,12.5500,11.7200,12.2400,12.2400,2628558,0.0000,1.0000
177,2018-08-21,11.7200,12.0700,11.7200,11.8500,11.8500,1504988,0.0000,1.0000
178,2018-08-20,11.3600,11.6900,11.3500,11.6300,11.6300,1111573,0.0000,1.0000
179,2018-08-17,11.6300,11.7600,11.3200,11.5800,11.5800,1632567,0.0000,1.0000
180,2018-08-16,11.2100,11.7200,11.1000,11.6400,11.6400,1535680,0.0000,1.0000
181,2018-08-15,11.6500,11.7400,11.1400,11.1900,11.1900,2004782,0.0000,1.0000
182,2018-08-14,11.8700,12.1100,11.5250,11.7100,11.7100,2602047,0.0000,1.0000
183,2018-08-13,12.2300,12.4600,11.5000,11.8000,11.8000,2469257,0.0000,1.0000
184,2018-08-10,12.6000,12.9100,12.2399,12.2700,12.2700,2190599,0.0000,1.0000
185,2018-08-09,12.6200,12.8700,12.0900,12.6000,12.6000,4066349,0.0000,1.0000
186,2018-08-08,12.9800,13.5400,12.5300,12.7850,12.7850,2445375,0.0000,1.0000
187,2018-08-07,14.3500,14.3600,12.6900,12.9200,12.9200,7892943,0.0000,1.0000
188,2018-08-06,15.2600,15.3400,14.5600,14.6000,14.6000,2719281,0.0000,1.0000
189,2018-08-03,15.4300,15.5600,15.0100,15.1800,15.1800,1923718,0.0000,1.0000
190,2018-08-02,15.0100,15.5700,14.9100,15.4900,15.4900,835639,0.0000,1.0000
191,2018-08-01,15.0700,15.2800,14.7300,15.1300,15.1300,1124829,0.0000,1.0000
192,2018-07-31,15.1600,15.3100,14.7600,15.1200,15.1200,1165167,0.0000,1.0000
193,2018-07-30,14.6400,15.4100,14.6400,15.2300,15.2300,1743393,0.0000,1.0000
194,2018-07-27,14.9000,15.0700,14.5100,14.5400,14.5400,888340,0.0000,1.0000
195,2018-07-26,14.5700,15.0300,14.3800,14.9400,14.9400,969974,0.0000,1.0000
196,2018-07-25,14.3000,14.9200,14.1100,14.6200,14.6200,935322,0.0000,1.0000
197,2018-07-24,14.3300,14.5600,14.1500,14.2500,14.2500,907031,0.0000,1.0000
198,2018-07-23,14.0500,14.2800,13.6600,14.2600,14.2600,1050581,0.0000,1.0000
199,2018-07-20,14.1000,14.2500,13.9300,13.9600,13.9600,1589365,0.0000,1.0000
200,2018-07-19,13.8500,14.1050,13.6000,14.0600,14.0600,881613,0.0000,1.0000
201,2018-07-18,13.8300,14.0700,13.2700,13.9200,13.9200,1990050,0.0000,1.0000
202,2018-07-17,13.8300,14.1600,13.6700,13.8200,13.8200,820204,0.0000,1.0000
203,2018-07-16,14.1500,14.1900,13.4800,13.8900,13.8900,2375248,0.0000,1.0000
204,2018-07-13,15.0900,15.1400,14.5400,14.5600,14.5600,1644945,0.0000,1.0000
205,2018-07-12,15.1400,15.3000,14.6600,14.9100,14.9100,981568,0.0000,1.0000
206,2018-07-11,15.1500,15.7000,14.8400,15.0600,15.0600,1613824,0.0000,1.0000
207,2018-07-10,15.3100,15.6800,15.0600,15.3000,15.3000,1824148,0.0000,1.0000
208,2018-07-09,14.8200,15.1700,14.6200,15.0700,15.0700,1419335,0.0000,1.0000
209,2018-07-06,14.6600,15.0800,14.5400,14.9200,14.9200,623549,0.0000,1.0000
210,2018-07-05,14.7900,14.9400,14.5200,14.7200,14.7200,1394681,0.0000,1.0000
211,2018-07-03,14.6500,15.1600,14.4900,14.7500,14.7500,1228203,0.0000,1.0000
212,2018-07-02,14.5700,15.0800,14.1500,14.5100,14.5100,901820,0.0000,1.0000
213,2018-06-29,14.9700,15.1600,14.6700,14.6900,14.6900,1535457,0.0000,1.0000
214,2018-06-28,15.0600,15.2400,14.0000,14.9500,14.9500,2216936,0.0000,1.0000
215,2018-06-27,15.3500,15.7000,14.9300,14.9700,14.9700,1947570,0.0000,1.0000
216,2018-06-26,14.7600,15.2700,14.5800,15.1800,15.1800,1297866,0.0000,1.0000
217,2018-06-25,15.1400,15.4400,14.6000,14.6700,14.6700,1689945,0.0000,1.0000
218,2018-06-22,14.6200,15.6100,14.6200,15.1700,15.1700,3368620,0.0000,1.0000
219,2018-06-21,14.4300,14.7900,14.0700,14.1900,14.1900,1509905,0.0000,1.0000
220,2018-06-20,14.5900,14.9000,14.3400,14.5300,14.5300,811364,0.0000,1.0000
221,2018-06-19,14.4000,14.7700,14.3500,14.4200,14.4200,1463815,0.0000,1.0000
222,2018-06-18,14.6300,15.1200,14.6300,14.6900,14.6900,1564893,0.0000,1.0000
223,2018-06-15,15.0400,15.0700,14.6600,14.6700,14.6700,2118602,0.0000,1.0000
224,2018-06-14,15.4400,15.6200,14.9600,15.0600,15.0600,2493337,0.0000,1.0000
225,2018-06-13,15.4700,15.5500,15.0750,15.2800,15.2800,2093326,0.0000,1.0000
226,2018-06-12,15.7200,15.8800,15.3200,15.4200,15.4200,1594909,0.0000,1.0000
227,2018-06-11,16.1000,16.2300,15.6500,15.7000,15.7000,1902629,0.0000,1.0000
228,2018-06-08,16.7000,16.8400,15.7000,16.1000,16.1000,2724395,0.0000,1.0000
229,2018-06-07,16.6300,16.9700,16.6000,16.6700,16.6700,1233706,0.0000,1.0000
230,2018-06-06,16.6600,16.9400,16.3300,16.4900,16.4900,2195571,0.0000,1.0000
231,2018-06-05,16.7100,17.0600,16.3900,16.5500,16.5500,2706025,0.0000,1.0000
232,2018-06-04,17.2500,17.3900,16.6500,16.8000,16.8000,2825152,0.0000,1.0000
233,2018-06-01,16.9400,17.4200,16.8100,17.1600,17.1600,2185876,0.0000,1.0000
234,2018-05-31,17.1300,17.3500,16.9200,16.9600,16.9600,2396960,0.0000,1.0000
235,2018-05-30,16.3000,17.3750,16.3000,17.2500,17.2500,3521700,0.0000,1.0000
236,2018-05-29,15.6500,16.5250,15.6000,16.2100,16.2100,2361750,0.0000,1.0000
237,2018-05-25,16.1400,16.3100,15.4600,15.7200,15.7200,3665718,0.0000,1.0000
238,2018-05-24,16.2900,16.6600,16.0200,16.4300,16.4300,2213114,0.0000,1.0000
239,2018-05-23,16.3300,16.6300,15.9550,16.5100,16.5100,1608284,0.0000,1.0000
240,2018-05-22,16.5000,17.0000,16.2900,16.4500,16.4500,3355327,0.0000,1.0000
241,2018-05-21,16.2600,16.5400,16.1000,16.5300,16.5300,3838568,0.0000,1.0000
242,2018-05-18,15.1700,16.1200,15.0850,16.0600,16.0600,4385581,0.0000,1.0000
243,2018-05-17,14.6600,15.2600,14.6600,15.1600,15.1600,1748332,0.0000,1.0000
244,2018-05-16,14.3500,14.6100,14.3200,14.5200,14.5200,1000886,0.0000,1.0000
245,2018-05-15,14.5200,14.8500,14.2000,14.4100,14.4100,1169445,0.0000,1.0000
246,2018-05-14,14.6800,14.8700,14.5300,14.5700,14.5700,1750085,0.0000,1.0000
247,2018-05-11,14.6000,15.1100,14.5400,14.7000,14.7000,1303390,0.0000,1.0000
248,2018-05-10,14.5000,14.7300,14.0000,14.6500,14.6500,3286943,0.0000,1.0000
249,2018-05-09,15.0000,15.3100,14.1600,14.4000,14.4000,4159399,0.0000,1.0000
250,2018-05-08,14.1900,14.7700,13.7300,14.7300,14.7300,2679965,0.0000,1.0000
251,2018-05-07,14.2600,15.0400,14.2100,14.2200,14.2200,1484428,0.0000,1.0000
252,2018-05-04,14.1300,14.2850,13.9600,14.0300,14.0300,1787138,0.0000,1.0000
253,2018-05-03,14.1600,14.2900,13.8800,14.0500,14.0500,989708,0.0000,1.0000
254,2018-05-02,14.0800,14.5600,13.7300,14.2800,14.2800,1252328,0.0000,1.0000
255,2018-05-01,14.1300,14.2600,13.8600,14.1600,14.1600,1092868,0.0000,1.0000
256,2018-04-30,14.0100,14.3700,13.7750,14.1200,14.1200,1545961,0.0000,1.0000
257,2018-04-27,14.1600,14.1700,13.7900,14.0700,14.0700,1260663,0.0000,1.0000
258,2018-04-26,13.8500,14.2700,13.6100,14.2200,14.2200,4342880,0.0000,1.0000
259,2018-04-25,13.5700,13.9200,13.4700,13.7500,13.7500,1544816,0.0000,1.0000
260,2018-04-24,14.0400,14.1160,13.5100,13.6100,13.6100,1912330,0.0000,1.0000
261,2018-04-23,13.6400,14.0400,13.1650,13.9400,13.9400,984154,0.0000,1.0000
262,2018-04-20,13.7700,13.9500,13.4500,13.7100,13.7100,1556937,0.0000,1.0000
263,2018-04-19,13.8400,14.2790,13.5400,13.6600,13.6600,2335797,0.0000,1.0000
264,2018-04-18,13.1600,13.9200,13.1100,13.7900,13.7900,2208665,0.0000,1.0000
265,2018-04-17,13.0200,13.1200,12.7000,13.0800,13.0800,1047486,0.0000,1.0000
266,2018-04-16,12.7800,13.0000,12.4500,13.0000,13.0000,1239632,0.0000,1.0000
267,2018-04-13,12.4600,12.9600,12.2900,12.8000,12.8000,1449756,0.0000,1.0000
268,2018-04-12,12.0800,12.3700,11.8200,12.3300,12.3300,1768032,0.0000,1.0000
269,2018-04-11,11.8400,12.4100,11.7600,12.1100,12.1100,2554678,0.0000,1.0000
270,2018-04-10,11.1400,11.9850,11.0450,11.8900,11.8900,2557700,0.0000,1.0000
271,2018-04-09,10.8400,11.3700,10.7400,10.9300,10.9300,1713340,0.0000,1.0000
272,2018-04-06,11.0200,11.0400,10.3900,10.7200,10.7200,1968341,0.0000,1.0000
273,2018-04-05,10.5000,11.3700,10.4600,11.1600,11.1600,2327286,0.0000,1.0000
274,2018-04-04,10.5900,10.8500,10.2800,10.5500,10.5500,3242082,0.0000,1.0000
275,2018-04-03,11.2600,11.6400,10.6700,10.8000,10.8000,1931773,0.0000,1.0000
276,2018-04-02,11.2700,11.4000,10.7800,11.1800,11.1800,1221472,0.0000,1.0000
277,2018-03-29,11.2300,11.6250,11.1300,11.4600,11.4600,998204,0.0000,1.0000
278,2018-03-28,11.4500,11.5600,11.0900,11.1800,11.1800,1392055,0.0000,1.0000
279,2018-03-27,11.9000,11.9000,11.3400,11.4600,11.4600,1004260,0.0000,1.0000
280,2018-03-26,12.2300,12.2500,11.6300,11.9100,11.9100,1183535,0.0000,1.0000
281,2018-03-23,12.2600,12.6900,11.9200,12.0400,12.0400,1535929,0.0000,1.0000
282,2018-03-22,12.3600,12.4800,11.9500,12.1100,12.1100,1550869,0.0000,1.0000
283,2018-03-21,11.9600,12.5200,11.9400,12.5100,12.5100,1698067,0.0000,1.0000
284,2018-03-20,12.0900,12.2500,11.5200,11.9000,11.9000,2696704,0.0000,1.0000
285,2018-03-19,12.6100,12.7900,11.9100,11.9900,11.9900,1848162,0.0000,1.0000
286,2018-03-16,12.6600,12.9400,12.5100,12.8000,12.8000,1136431,0.0000,1.0000
287,2018-03-15,13.0200,13.3250,12.4100,12.7000,12.7000,1358182,0.0000,1.0000
288,2018-03-14,12.9300,13.0000,12.6950,12.9300,12.9300,670380,0.0000,1.0000
289,2018-03-13,13.1900,13.3600,12.8100,12.9100,12.9100,612398,0.0000,1.0000
290,2018-03-12,13.2300,13.3600,12.9100,13.1900,13.1900,1096797,0.0000,1.0000
291,2018-03-09,13.2000,13.3200,13.0000,13.1500,13.1500,1204788,0.0000,1.0000
292,2018-03-08,13.1600,13.1700,12.8500,12.9700,12.9700,963780,0.0000,1.0000
293,2018-03-07,12.7300,13.1800,12.6600,13.0900,13.0900,1805656,0.0000,1.0000
294,2018-03-06,13.0900,13.2500,12.9500,12.9800,12.9800,1227646,0.0000,1.0000
295,2018-03-05,12.8400,13.2500,12.8200,12.9900,12.9900,1508868,0.0000,1.0000
296,2018-03-02,12.5000,13.0200,12.0700,13.0100,13.0100,1151882,0.0000,1.0000
297,2018-03-01,12.0300,12.6300,11.8700,12.5500,12.5500,1311128,0.0000,1.0000
298,2018-02-28,12.8000,13.1100,12.0700,12.0800,12.0800,2263496,0.0000,1.0000
299,2018-02-27,12.7600,13.1100,12.5200,12.5800,12.5800,1771387,0.0000,1.0000
300,2018-02-26,12.9300,13.0500,12.4800,12.8200,12.8200,997805,0.0000,1.0000
301,2018-02-23,12.4900,12.8300,12.3600,12.8300,12.8300,775185,0.0000,1.0000
302,2018-02-22,12.0900,12.6900,12.0300,12.3700,12.3700,963076,0.0000,1.0000
303,2018-02-21,12.5600,12.6800,12.0100,12.0100,12.0100,1188675,0.0000,1.0000
304,2018-02-20,12.7400,13.0400,12.4600,12.5400,12.5400,996687,0.0000,1.0000
305,2018-02-16,12.7200,12.9600,12.5900,12.7200,12.7200,1185608,0.0000,1.0000
306,2018-02-15,12.8400,13.0000,12.2600,12.8300,12.8300,1082984,0.0000,1.0000
307,2018-02-14,12.2500,13.0000,12.2400,12.8500,12.8500,1100391,0.0000,1.0000
308,2018-02-13,12.5500,12.7000,12.2500,12.3900,12.3900,639417,0.0000,1.0000
309,2018-02-12,12.5900,12.8900,11.8400,12.6300,12.6300,798667,0.0000,1.0000
310,2018-02-09,12.4100,12.6200,11.7800,12.4300,12.4300,1129564,0.0000,1.0000
311,2018-02-08,12.9000,13.2750,12.2300,12.2600,12.2600,1271973,0.0000,1.0000
312,2018-02-07,13.4200,13.6000,12.7200,12.8500,12.8500,1088120,0.0000,1.0000
313,2018-02-06,12.8400,13.6100,12.8200,13.4500,13.4500,1477890,0.0000,1.0000
314,2018-02-05,13.2100,13.5700,13.1000,13.1700,13.1700,1425786,0.0000,1.0000
315,2018-02-02,14.0500,14.4400,13.3650,13.4100,13.4100,1646579,0.0000,1.0000
316,2018-02-01,14.1800,14.5600,14.0700,14.3400,14.3400,1214866,0.0000,1.0000
317,2018-01-31,14.3900,14.6100,13.5200,14.1000,14.1000,1827841,0.0000,1.0000
318,2018-01-30,14.5600,14.8300,14.2300,14.3400,14.3400,1836299,0.0000,1.0000
319,2018-01-29,14.5800,14.9600,14.3300,14.7200,14.7200,1227391,0.0000,1.0000
320,2018-01-26,15.1200,15.1200,14.6900,14.7500,14.7500,875004,0.0000,1.0000
321,2018-01-25,15.4500,15.6500,15.0300,15.0400,15.0400,1064098,0.0000,1.0000
322,2018-01-24,15.3200,15.4000,14.9900,15.2800,15.2800,1141472,0.0000,1.0000
323,2018-01-23,15.3900,15.6000,14.8800,15.2400,15.2400,2038729,0.0000,1.0000
324,2018-01-22,14.8900,15.3600,14.8100,15.3400,15.3400,3113241,0.0000,1.0000
325,2018-01-19,14.2600,14.9000,14.1000,14.8700,14.8700,1963535,0.0000,1.0000
326,2018-01-18,14.3500,14.8000,14.1300,14.3700,14.3700,1727183,0.0000,1.0000
327,2018-01-17,13.7600,14.5500,13.6250,14.4100,14.4100,3317153,0.0000,1.0000
328,2018-01-16,14.2100,14.2100,13.5800,13.7100,13.7100,2123916,0.0000,1.0000
329,2018-01-12,14.1300,14.4800,14.1000,14.1600,14.1600,1903173,0.0000,1.0000
330,2018-01-11,13.8200,14.3600,13.6000,14.2900,14.2900,2114313,0.0000,1.0000
331,2018-01-10,13.9000,14.0800,13.7000,13.7500,13.7500,1430367,0.0000,1.0000
332,2018-01-09,14.3100,14.4100,13.8900,13.9100,13.9100,1640136,0.0000,1.0000
333,2018-01-08,14.7100,14.7200,14.2200,14.2800,14.2800,2187959,0.0000,1.0000
334,2018-01-05,14.7500,14.9900,14.5300,14.7200,14.7200,952224,0.0000,1.0000
335,2018-01-04,14.7900,15.0000,14.5800,14.9000,14.9000,1326730,0.0000,1.0000
336,2018-01-03,14.6300,15.0600,14.5100,14.8000,14.8000,989658,0.0000,1.0000
337,2018-01-02,14.4200,14.8400,14.4000,14.6200,14.6200,965609,0.0000,1.0000
338,2017-12-29,14.5200,14.6100,14.1900,14.3100,14.3100,1434815,0.0000,1.0000
339,2017-12-28,14.5400,14.6200,14.3350,14.5300,14.5300,1115502,0.0000,1.0000
340,2017-12-27,15.0200,15.0200,14.4800,14.5700,14.5700,1033342,0.0000,1.0000
341,2017-12-26,15.2500,15.3286,14.8800,15.1100,15.1100,1426525,0.0000,1.0000
342,2017-12-22,14.8500,15.2300,14.6000,15.2000,15.2000,1403048,0.0000,1.0000
343,2017-12-21,14.8000,15.0500,14.7400,14.9500,14.9500,1926992,0.0000,1.0000
344,2017-12-20,14.7500,15.0000,14.5800,14.8300,14.8300,1652191,0.0000,1.0000
345,2017-12-19,15.2700,15.2700,14.5800,14.6600,14.6600,1645034,0.0000,1.0000
346,2017-12-18,14.9600,15.2400,14.7000,15.1300,15.1300,1076892,0.0000,1.0000
347,2017-12-15,15.2400,15.2800,14.6600,14.8500,14.8500,1683088,0.0000,1.0000
348,2017-12-14,15.1200,15.4900,15.0600,15.1600,15.1600,633690,0.0000,1.0000
349,2017-12-13,15.5000,15.6200,15.0500,15.2000,15.2000,831015,0.0000,1.0000
350,2017-12-12,15.4000,15.6300,15.1100,15.4350,15.4350,993019,0.0000,1.0000
351,2017-12-11,14.9000,15.3200,14.8000,15.2600,15.2600,1610869,0.0000,1.0000
352,2017-12-08,14.9900,15.0800,14.7400,14.8400,14.8400,1416857,0.0000,1.0000
353,2017-12-07,14.4900,14.9350,14.4200,14.7700,14.7700,847002,0.0000,1.0000
354,2017-12-06,15.1200,15.2600,14.4300,14.4800,14.4800,919709,0.0000,1.0000
355,2017-12-05,14.8200,15.2600,14.5600,15.2300,15.2300,1799697,0.0000,1.0000
356,2017-12-04,15.2800,15.6900,14.8418,14.9100,14.9100,1366562,0.0000,1.0000
357,2017-12-01,15.3000,15.9400,15.1100,15.2700,15.2700,1295815,0.0000,1.0000
358,2017-11-30,14.7700,15.4400,14.7300,15.0600,15.0600,1873300,0.0000,1.0000
359,2017-11-29,14.8400,15.0200,14.4700,14.6300,14.6300,1219273,0.0000,1.0000
360,2017-11-28,15.0900,15.1600,14.8200,14.8800,14.8800,799503,0.0000,1.0000
361,2017-11-27,15.6200,15.6700,15.0900,15.1100,15.1100,1284877,0.0000,1.0000
362,2017-11-24,15.6400,15.7400,15.5300,15.7000,15.7000,584927,0.0000,1.0000
363,2017-11-22,15.3200,15.7300,15.2200,15.4500,15.4500,962970,0.0000,1.0000
364,2017-11-21,15.4800,15.7100,15.0500,15.1200,15.1200,1062466,0.0000,1.0000
365,2017-11-20,15.3500,15.6400,15.1800,15.3600,15.3600,1331736,0.0000,1.0000
366,2017-11-17,15.1800,15.6200,14.9900,15.5500,15.5500,1733807,0.0000,1.0000
367,2017-11-16,14.4200,15.2600,14.1500,15.0500,15.0500,2303615,0.0000,1.0000
368,2017-11-15,14.2400,14.7100,13.9900,14.3800,14.3800,1581810,0.0000,1.0000
369,2017-11-14,14.9200,14.9200,14.1700,14.3200,14.3200,1250126,0.0000,1.0000
370,2017-11-13,15.8600,15.8600,15.0300,15.0800,15.0800,1213651,0.0000,1.0000
371,2017-11-10,15.6500,16.0550,15.3800,15.9500,15.9500,1705800,0.0000,1.0000
372,2017-11-09,15.0400,15.8400,15.0350,15.6100,15.6100,2983510,0.0000,1.0000
373,2017-11-08,15.0100,15.7000,14.4100,14.9600,14.9600,3727432,0.0000,1.0000
374,2017-11-07,16.5800,16.5800,16.0700,16.2000,16.2000,1866454,0.0000,1.0000
375,2017-11-06,16.3300,16.6700,16.1200,16.5700,16.5700,1942473,0.0000,1.0000
376,2017-11-03,16.2500,16.3400,15.8300,16.2300,16.2300,1324836,0.0000,1.0000
377,2017-11-02,16.3700,16.4700,15.6500,16.1800,16.1800,2190456,0.0000,1.0000
378,2017-11-01,16.2300,16.8000,16.2200,16.3700,16.3700,1968211,0.0000,1.0000
379,2017-10-31,15.6400,16.0700,15.5300,15.9500,15.9500,698340,0.0000,1.0000
380,2017-10-30,15.4800,15.8700,15.3900,15.6300,15.6300,986022,0.0000,1.0000
381,2017-10-27,14.9000,15.5500,14.3200,15.4150,15.4150,789089,0.0000,1.0000
382,2017-10-26,14.7600,15.0600,14.5100,14.9800,14.9800,746403,0.0000,1.0000
383,2017-10-25,14.8000,15.2300,14.5700,14.8200,14.8200,1410835,0.0000,1.0000
384,2017-10-24,15.0000,15.2000,14.3300,14.6000,14.6000,1727594,0.0000,1.0000
385,2017-10-23,15.7000,15.7400,14.7400,14.8600,14.8600,1827597,0.0000,1.0000
386,2017-10-20,15.7700,15.9100,15.5000,15.6700,15.6700,1123531,0.0000,1.0000
387,2017-10-19,15.7600,15.9500,15.5700,15.8400,15.8400,1511718,0.0000,1.0000
388,2017-10-18,16.0000,16.3900,15.5800,15.9000,15.9000,1659996,0.0000,1.0000
389,2017-10-17,15.5100,16.0600,15.3900,15.9400,15.9400,1794679,0.0000,1.0000
390,2017-10-16,15.4700,15.8300,15.3800,15.6000,15.6000,1240945,0.0000,1.0000
391,2017-10-13,15.8500,15.8800,15.3600,15.3800,15.3800,1305415,0.0000,1.0000
392,2017-10-12,15.3200,15.7600,15.3100,15.6100,15.6100,1017392,0.0000,1.0000
393,2017-10-11,15.5300,15.6500,15.2700,15.6000,15.6000,542349,0.0000,1.0000
394,2017-10-10,15.5600,15.8400,15.0800,15.4000,15.4000,872997,0.0000,1.0000
395,2017-10-09,15.1800,15.4200,15.0950,15.3800,15.3800,689007,0.0000,1.0000
396,2017-10-06,15.0200,15.2250,14.8800,15.0500,15.0500,922585,0.0000,1.0000
397,2017-10-05,15.1100,15.6400,15.1100,15.4500,15.4500,776558,0.0000,1.0000
398,2017-10-04,15.5100,15.6550,15.1000,15.1500,15.1500,824988,0.0000,1.0000
399,2017-10-03,15.3800,15.6600,15.1400,15.5300,15.5300,1194997,0.0000,1.0000
400,2017-10-02,15.2300,15.6100,15.0200,15.3800,15.3800,1492888,0.0000,1.0000
401,2017-09-29,15.3400,15.6600,15.0800,15.3900,15.3900,966132,0.0000,1.0000
402,2017-09-28,15.3500,15.6100,15.1400,15.3400,15.3400,1816110,0.0000,1.0000
403,2017-09-27,15.3100,15.4900,14.9600,15.2900,15.2900,939611,0.0000,1.0000
404,2017-09-26,15.0000,15.4000,14.7700,15.2900,15.2900,1047990,0.0000,1.0000
405,2017-09-25,14.5500,15.3900,14.5500,15.0600,15.0600,2173523,0.0000,1.0000
406,2017-09-22,14.0000,14.4500,13.9500,14.3300,14.3300,1356393,0.0000,1.0000
407,2017-09-21,13.8900,14.1300,13.8000,14.0500,14.0500,679619,0.0000,1.0000
408,2017-09-20,13.5700,13.9800,13.5100,13.9700,13.9700,1044223,0.0000,1.0000
409,2017-09-19,13.8100,13.8900,13.4700,13.5000,13.5000,935367,0.0000,1.0000
410,2017-09-18,13.7000,14.0900,13.5500,13.8100,13.8100,1092020,0.0000,1.0000
411,2017-09-15,13.7600,14.1200,13.6600,13.7900,13.7900,4022435,0.0000,1.0000
412,2017-09-14,13.7800,14.0700,13.6000,13.7700,13.7700,1397712,0.0000,1.0000
413,2017-09-13,13.4400,13.8900,13.3600,13.7000,13.7000,1384011,0.0000,1.0000
414,2017-09-12,13.2500,13.4600,13.2300,13.3700,13.3700,2134693,0.0000,1.0000
415,2017-09-11,13.0500,13.6200,12.9800,13.2600,13.2600,1429662,0.0000,1.0000
416,2017-09-08,13.2500,13.3400,12.6900,13.0200,13.0200,1334907,0.0000,1.0000
417,2017-09-07,13.6300,13.6500,13.2500,13.3500,13.3500,1011325,0.0000,1.0000
418,2017-09-06,13.4800,13.8000,13.4680,13.6900,13.6900,1206074,0.0000,1.0000
419,2017-09-05,13.0200,13.3400,12.8300,13.2900,13.2900,1651186,0.0000,1.0000
420,2017-09-01,13.1800,13.2000,12.7410,12.8100,12.8100,1078788,0.0000,1.0000
421,2017-08-31,12.4900,13.2500,12.4900,13.1400,13.1400,1115950,0.0000,1.0000
422,2017-08-30,12.1800,12.5200,12.0100,12.4100,12.4100,1046378,0.0000,1.0000
423,2017-08-29,12.3300,12.4200,11.9700,12.2300,12.2300,983338,0.0000,1.0000
424,2017-08-28,12.5100,12.5100,11.9900,12.4600,12.4600,1397318,0.0000,1.0000
425,2017-08-25,12.1400,12.5150,12.0400,12.4700,12.4700,1498362,0.0000,1.0000
426,2017-08-24,11.9000,12.1000,11.8300,12.0800,12.0800,550542,0.0000,1.0000
427,2017-08-23,11.7300,12.1000,11.5900,12.0100,12.0100,1097132,0.0000,1.0000
428,2017-08-22,11.7000,12.0600,11.6900,11.7900,11.7900,1660342,0.0000,1.0000
429,2017-08-21,11.6800,11.7900,11.5400,11.6700,11.6700,890721,0.0000,1.0000
430,2017-08-18,11.6100,11.9800,11.3900,11.7500,11.7500,834226,0.0000,1.0000
431,2017-08-17,11.6800,11.9800,11.5000,11.5600,11.5600,1325679,0.0000,1.0000
432,2017-08-16,11.8600,12.1100,11.6500,11.7200,11.7200,1037809,0.0000,1.0000
433,2017-08-15,12.0400,12.1100,11.5328,11.8500,11.8500,1371272,0.0000,1.0000
434,2017-08-14,12.0000,12.3900,11.9000,12.1200,12.1200,1542765,0.0000,1.0000
435,2017-08-11,11.8200,12.4200,11.6900,12.1800,12.1800,2661054,0.0000,1.0000
436,2017-08-10,12.1000,13.0500,11.6500,11.8700,11.8700,4429804,0.0000,1.0000
437,2017-08-09,11.6800,11.8900,11.5900,11.8000,11.8000,1571054,0.0000,1.0000
438,2017-08-08,11.8900,12.0100,11.4930,11.6500,11.6500,1041054,0.0000,1.0000
439,2017-08-07,12.2500,12.2500,11.7200,11.8800,11.8800,1486873,0.0000,1.0000
440,2017-08-04,11.4000,11.7900,11.3100,11.5900,11.5900,1179661,0.0000,1.0000
441,2017-08-03,12.0100,12.0400,11.3400,11.3800,11.3800,1516548,0.0000,1.0000
442,2017-08-02,11.9400,12.0500,11.6300,11.9900,11.9900,1401841,0.0000,1.0000
443,2017-08-01,12.2000,12.2600,11.9850,12.0400,12.0400,873037,0.0000,1.0000
444,2017-07-31,12.6400,12.7110,12.0000,12.1800,12.1800,526249,0.0000,1.0000
445,2017-07-28,12.3100,12.8000,12.3100,12.5600,12.5600,639844,0.0000,1.0000
446,2017-07-27,12.0600,12.4450,11.9200,12.3700,12.3700,619530,0.0000,1.0000
447,2017-07-26,12.4000,12.5400,12.0600,12.0700,12.0700,3541812,0.0000,1.0000
448,2017-07-25,12.3000,12.6200,12.1000,12.3100,12.3100,1574647,0.0000,1.0000
449,2017-07-24,12.2900,12.4100,11.8200,12.0700,12.0700,1185510,0.0000,1.0000
450,2017-07-21,12.4200,12.4400,11.9400,12.1500,12.1500,1162005,0.0000,1.0000
451,2017-07-20,13.0200,13.2000,12.1400,12.4600,12.4600,2011468,0.0000,1.0000
452,2017-07-19,12.5000,13.1100,12.1800,13.0100,13.0100,2119148,0.0000,1.0000
453,2017-07-18,12.8600,13.1500,12.2500,12.5200,12.5200,1254691,0.0000,1.0000
454,2017-07-17,13.0200,13.2200,12.6550,12.7300,12.7300,696826,0.0000,1.0000
455,2017-07-14,13.0700,13.2300,12.7600,13.0700,13.0700,1021127,0.0000,1.0000
456,2017-07-13,12.8800,13.2000,12.5800,13.1400,13.1400,1768388,0.0000,1.0000
457,2017-07-12,12.9000,13.2900,12.6400,12.9000,12.9000,724759,0.0000,1.0000
458,2017-07-11,12.6300,13.0200,12.3400,12.7200,12.7200,669583,0.0000,1.0000
459,2017-07-10,12.4200,12.9900,12.3900,12.6700,12.6700,688042,0.0000,1.0000
460,2017-07-07,12.4100,12.6400,11.7300,12.5900,12.5900,1319540,0.0000,1.0000
461,2017-07-06,13.2000,13.4400,12.4550,12.5400,12.5400,1885352,0.0000,1.0000
462,2017-07-05,13.6500,13.8400,13.0600,13.1600,13.1600,956494,0.0000,1.0000
463,2017-07-03,13.6000,13.8800,13.4600,13.8300,13.8300,360922,0.0000,1.0000
464,2017-06-30,13.4500,13.7100,13.2000,13.4500,13.4500,1276700,0.0000,1.0000
465,2017-06-29,13.4600,13.6900,13.0800,13.3400,13.3400,1194228,0.0000,1.0000
466,2017-06-28,13.3700,13.6600,13.1900,13.3200,13.3200,871959,0.0000,1.0000
467,2017-06-27,13.6300,13.9400,13.3200,13.3900,13.3900,1019867,0.0000,1.0000
468,2017-06-26,13.5900,13.9100,13.3200,13.5600,13.5600,857796,0.0000,1.0000
469,2017-06-23,13.1700,13.6450,13.0100,13.5500,13.5500,5850594,0.0000,1.0000
470,2017-06-22,13.0400,13.5800,12.8300,13.0600,13.0600,923159,0.0000,1.0000
471,2017-06-21,13.4200,13.8900,12.6900,12.9600,12.9600,1386598,0.0000,1.0000
472,2017-06-20,12.9400,13.4900,12.4700,13.4100,13.4100,1988730,0.0000,1.0000
473,2017-06-19,13.1500,13.4300,12.8600,13.3000,13.3000,858841,0.0000,1.0000
474,2017-06-16,13.2200,13.3200,12.8900,13.1100,13.1100,3299097,0.0000,1.0000
475,2017-06-15,13.6600,13.9400,12.9600,13.2100,13.2100,1634753,0.0000,1.0000
476,2017-06-14,15.0400,15.0400,13.7000,13.7600,13.7600,1797025,0.0000,1.0000
477,2017-06-13,14.6100,15.1800,14.4700,15.1500,15.1500,1134064,0.0000,1.0000
478,2017-06-12,14.8100,15.8600,14.5900,14.6100,14.6100,1450406,0.0000,1.0000
479,2017-06-09,14.1300,14.6800,13.8900,14.5700,14.5700,1267997,0.0000,1.0000
480,2017-06-08,14.2100,14.6000,13.8200,14.0300,14.0300,1598693,0.0000,1.0000
481,2017-06-07,14.8500,15.1150,14.1400,14.3100,14.3100,1418679,0.0000,1.0000
482,2017-06-06,14.2200,15.0100,14.0300,14.9800,14.9800,1188035,0.0000,1.0000
483,2017-06-05,14.5100,14.6500,13.9700,14.2700,14.2700,1302205,0.0000,1.0000
484,2017-06-02,14.3700,14.5800,13.9090,14.5700,14.5700,997016,0.0000,1.0000
485,2017-06-01,14.3300,14.6900,14.0400,14.5500,14.5500,1217014,0.0000,1.0000
486,2017-05-31,14.4200,14.6300,13.7400,14.2400,14.2400,2982475,0.0000,1.0000
487,2017-05-30,15.5300,15.5300,14.5900,14.6300,14.6300,1518306,0.0000,1.0000
488,2017-05-26,15.5700,15.7200,15.1200,15.6300,15.6300,994721,0.0000,1.0000
489,2017-05-25,16.0800,16.2600,15.1500,15.5300,15.5300,1103463,0.0000,1.0000
490,2017-05-24,16.4300,16.4600,15.7800,16.1200,16.1200,1169805,0.0000,1.0000
491,2017-05-23,16.2400,16.7300,15.8900,16.4300,16.4300,3117226,0.0000,1.0000
492,2017-05-22,16.5400,16.5450,15.7900,16.2200,16.2200,1007420,0.0000,1.0000
493,2017-05-19,16.2400,16.6000,16.0500,16.4400,16.4400,876132,0.0000,1.0000
494,2017-05-18,15.9400,16.3300,15.7700,16.1400,16.1400,921392,0.0000,1.0000
495,2017-05-17,16.1000,16.5650,15.9900,16.0800,16.0800,1600306,0.0000,1.0000
496,2017-05-16,16.5200,16.7300,16.1300,16.2400,16.2400,1226543,0.0000,1.0000
497,2017-05-15,16.9900,17.1500,16.3600,16.4500,16.4500,1043498,0.0000,1.0000
498,2017-05-12,16.3000,16.5300,16.0700,16.4700,16.4700,696247,0.0000,1.0000
499,2017-05-11,16.3400,16.8100,16.0700,16.3600,16.3600,1460901,0.0000,1.0000
500,2017-05-10,15.4300,16.8100,15.4300,16.2400,16.2400,2870166,0.0000,1.0000
501,2017-05-09,15.5100,15.7000,15.1400,15.3000,15.3000,1123613,0.0000,1.0000
502,2017-05-08,15.3900,15.6800,15.0900,15.4900,15.4900,1080473,0.0000,1.0000
503,2017-05-05,14.5500,15.3800,14.5000,15.3200,15.3200,1173348,0.0000,1.0000
504,2017-05-04,14.7700,14.9600,13.9600,14.5850,14.5850,2800960,0.0000,1.0000
505,2017-05-03,15.0100,15.3700,14.1800,14.9750,14.9750,3701196,0.0000,1.0000
506,2017-05-02,15.9200,16.5100,15.6500,15.8300,15.8300,1952580,0.0000,1.0000
507,2017-05-01,15.6000,15.9400,15.3600,15.8300,15.8300,1000410,0.0000,1.0000
508,2017-04-28,16.1300,16.2000,15.6200,15.6500,15.6500,685930,0.0000,1.0000
509,2017-04-27,16.7100,16.7100,15.7300,15.9600,15.9600,1717571,0.0000,1.0000
510,2017-04-26,16.7200,17.3400,16.6400,16.9100,16.9100,721349,0.0000,1.0000
511,2017-04-25,16.5500,17.0100,16.2700,16.9200,16.9200,668165,0.0000,1.0000
512,2017-04-24,16.7600,16.8000,16.3100,16.5800,16.5800,1092631,0.0000,1.0000
513,2017-04-21,16.9300,17.0000,16.6000,16.7300,16.7300,659934,0.0000,1.0000
514,2017-04-20,17.3000,17.3000,16.6800,16.9000,16.9000,768751,0.0000,1.0000
515,2017-04-19,17.7300,17.8800,17.0500,17.1600,17.1600,693123,0.0000,1.0000
516,2017-04-18,17.7600,18.0050,17.6200,17.7300,17.7300,422901,0.0000,1.0000
517,2017-04-17,17.7700,17.9700,17.3900,17.9300,17.9300,506672,0.0000,1.0000
518,2017-04-13,18.3900,18.4200,17.6300,17.6600,17.6600,538104,0.0000,1.0000
519,2017-04-12,18.6100,18.9500,18.2500,18.3900,18.3900,701490,0.0000,1.0000
520,2017-04-11,18.6100,18.7500,18.1900,18.6100,18.6100,566675,0.0000,1.0000
521,2017-04-10,18.1500,18.6500,17.9900,18.6200,18.6200,947206,0.0000,1.0000
522,2017-04-07,18.1300,18.3500,17.8200,17.9900,17.9900,1173019,0.0000,1.0000
523,2017-04-06,18.1100,18.3400,17.8900,18.1400,18.1400,1434425,0.0000,1.0000
524,2017-04-05,18.8700,18.9900,17.7400,17.8900,17.8900,1178862,0.0000,1.0000
525,2017-04-04,18.3700,18.6600,17.8200,18.6500,18.6500,897315,0.0000,1.0000
526,2017-04-03,18.4500,19.0300,17.9700,18.3500,18.3500,1220368,0.0000,1.0000
527,2017-03-31,17.9800,18.6400,17.7100,18.5500,18.5500,993116,0.0000,1.0000
528,2017-03-30,18.3300,18.5900,17.3100,18.0700,18.0700,969537,0.0000,1.0000
529,2017-03-29,17.2900,18.2300,16.9900,18.2100,18.2100,973925,0.0000,1.0000
530,2017-03-28,16.9100,17.6900,16.9100,17.3400,17.3400,1292067,0.0000,1.0000
531,2017-03-27,16.6400,16.9700,16.3000,16.8700,16.8700,1144784,0.0000,1.0000
532,2017-03-24,16.9300,17.2500,16.7600,16.9100,16.9100,756891,0.0000,1.0000
533,2017-03-23,16.7900,17.1100,16.4100,16.8200,16.8200,831121,0.0000,1.0000
534,2017-03-22,16.5300,16.7000,16.2800,16.6200,16.6200,867768,0.0000,1.0000
535,2017-03-21,17.3000,17.3000,16.4200,16.6300,16.6300,1244449,0.0000,1.0000
536,2017-03-20,17.1500,17.4200,16.8670,17.2800,17.2800,1164672,0.0000,1.0000
537,2017-03-17,17.3500,17.5000,17.1450,17.3400,17.3400,4284959,0.0000,1.0000
538,2017-03-16,16.8500,17.3800,16.5900,17.2500,17.2500,1252966,0.0000,1.0000
539,2017-03-15,15.5000,16.8600,15.3100,16.8200,16.8200,2011431,0.0000,1.0000
540,2017-03-14,15.4600,16.2000,14.7600,15.3000,15.3000,2515158,0.0000,1.0000
541,2017-03-13,16.4200,16.5300,16.2300,16.3600,16.3600,851694,0.0000,1.0000
542,2017-03-10,16.3200,16.6300,15.8030,16.3600,16.3600,1179934,0.0000,1.0000
543,2017-03-09,17.0500,17.2900,15.8400,16.1400,16.1400,1374932,0.0000,1.0000
544,2017-03-08,17.6500,17.7750,16.6000,16.6300,16.6300,966258,0.0000,1.0000
545,2017-03-07,18.1300,18.2250,17.7100,17.7500,17.7500,340876,0.0000,1.0000
546,2017-03-06,17.9300,18.2900,17.7800,18.0300,18.0300,524822,0.0000,1.0000
547,2017-03-03,18.1800,18.4000,17.7100,18.0000,18.0000,567717,0.0000,1.0000
548,2017-03-02,18.4900,18.6000,18.1800,18.1900,18.1900,327246,0.0000,1.0000
549,2017-03-01,17.9000,18.7300,17.8300,18.6500,18.6500,613692,0.0000,1.0000
550,2017-02-28,17.2700,17.7000,17.2700,17.7000,17.7000,812129,0.0000,1.0000
551,2017-02-27,17.5400,17.7800,17.3200,17.5100,17.5100,887660,0.0000,1.0000
552,2017-02-24,17.8400,18.0300,17.4250,17.4600,17.4600,544984,0.0000,1.0000
553,2017-02-23,18.7600,18.8650,17.7100,18.0800,18.0800,1296337,0.0000,1.0000
554,2017-02-22,19.0700,19.1190,18.2500,18.4600,18.4600,1439024,0.0000,1.0000
555,2017-02-21,18.9900,19.2200,18.8300,19.1800,19.1800,980161,0.0000,1.0000
556,2017-02-17,18.6300,18.9400,18.5700,18.8000,18.8000,964640,0.0000,1.0000
557,2017-02-16,18.5100,19.1300,18.4000,18.8100,18.8100,1111695,0.0000,1.0000
558,2017-02-15,18.0000,18.6000,17.9700,18.5500,18.5500,1768348,0.0000,1.0000
559,2017-02-14,18.1500,18.6200,17.7400,18.0300,18.0300,904961,0.0000,1.0000
560,2017-02-13,17.9200,18.2600,17.9100,18.1000,18.1000,698712,0.0000,1.0000
561,2017-02-10,17.5800,18.2700,17.3600,17.9100,17.9100,1396326,0.0000,1.0000
562,2017-02-09,16.6400,17.3600,16.3100,17.3400,17.3400,2186095,0.0000,1.0000
563,2017-02-08,16.8000,17.1350,16.1600,16.5100,16.5100,1673802,0.0000,1.0000
564,2017-02-07,17.6500,18.3600,16.7900,16.9300,16.9300,3088046,0.0000,1.0000
565,2017-02-06,17.8400,18.1900,16.6100,17.3200,17.3200,1739398,0.0000,1.0000
566,2017-02-03,17.0400,17.5400,17.0000,17.2700,17.2700,1197988,0.0000,1.0000
567,2017-02-02,17.3000,17.4500,16.8300,16.9500,16.9500,1554322,0.0000,1.0000
568,2017-02-01,18.0100,18.0100,17.1050,17.2800,17.2800,2116813,0.0000,1.0000
569,2017-01-31,18.4600,18.4600,17.7300,17.9200,17.9200,1066089,0.0000,1.0000
570,2017-01-30,19.0500,19.3100,18.1800,18.3600,18.3600,862792,0.0000,1.0000
571,2017-01-27,19.0900,19.4900,18.9200,19.2000,19.2000,555136,0.0000,1.0000
572,2017-01-26,19.3700,20.0000,19.2000,19.2400,19.2400,503626,0.0000,1.0000
573,2017-01-25,18.8300,19.7760,18.5900,19.2100,19.2100,899921,0.0000,1.0000
574,2017-01-24,18.4000,19.1400,18.2500,18.8300,18.8300,425698,0.0000,1.0000
575,2017-01-23,18.5800,18.9290,18.2000,18.4000,18.4000,475427,0.0000,1.0000
576,2017-01-20,18.9700,19.2300,18.5900,18.7500,18.7500,903333,0.0000,1.0000
577,2017-01-19,18.2800,18.9000,18.0900,18.8200,18.8200,552226,0.0000,1.0000
578,2017-01-18,18.2600,18.5500,18.1000,18.2500,18.2500,502413,0.0000,1.0000
579,2017-01-17,18.5500,18.7199,18.1700,18.4600,18.4600,1026990,0.0000,1.0000
580,2017-01-13,18.4800,18.7250,18.2400,18.3700,18.3700,1034935,0.0000,1.0000
581,2017-01-12,19.0000,19.0000,18.5200,18.6200,18.6200,764897,0.0000,1.0000
582,2017-01-11,18.9500,19.0300,18.6300,18.7900,18.7900,382969,0.0000,1.0000
583,2017-01-10,19.0900,19.1400,18.3400,18.8900,18.8900,576136,0.0000,1.0000
584,2017-01-09,19.5200,19.7100,19.0100,19.0600,19.0600,941469,0.0000,1.0000
585,2017-01-06,19.9200,20.0000,19.6300,19.7500,19.7500,781029,0.0000,1.0000
586,2017-01-05,19.9000,20.0800,19.7040,19.9000,19.9000,594664,0.0000,1.0000
587,2017-01-04,19.9300,19.9300,19.4000,19.8400,19.8400,712015,0.0000,1.0000
588,2017-01-03,20.4800,21.3989,19.7300,19.9600,19.9600,813585,0.0000,1.0000
589,2016-12-30,19.8900,20.5300,19.7900,20.0400,20.0400,600181,0.0000,1.0000
590,2016-12-29,20.0600,20.3400,19.7200,19.9400,19.9400,940272,0.0000,1.0000
591,2016-12-28,19.7600,20.1100,19.6000,20.0600,20.0600,933154,0.0000,1.0000
592,2016-12-27,20.1500,20.1500,19.5800,19.8100,19.8100,769815,0.0000,1.0000
593,2016-12-23,20.1400,20.3000,19.9000,20.0400,20.0400,484906,0.0000,1.0000
594,2016-12-22,20.2300,20.6550,20.0000,20.5000,20.5000,844282,0.0000,1.0000
595,2016-12-21,20.2000,20.3200,19.9500,20.2100,20.2100,1163671,0.0000,1.0000
596,2016-12-20,20.3700,20.4200,19.9150,20.1900,20.1900,1419736,0.0000,1.0000
597,2016-12-19,20.3400,20.5400,19.7250,20.1600,20.1600,778615,0.0000,1.0000
598,2016-12-16,19.7200,20.6400,19.3700,20.2900,20.2900,4793156,0.0000,1.0000
599,2016-12-15,19.4100,19.8900,19.2300,19.6500,19.6500,1048995,0.0000,1.0000
600,2016-12-14,20.0700,20.6799,19.1000,19.5700,19.5700,1414361,0.0000,1.0000
601,2016-12-13,20.2300,20.6000,19.5900,20.3100,20.3100,1955041,0.0000,1.0000
602,2016-12-12,20.5000,20.5000,19.5400,20.0000,20.0000,2724878,0.0000,1.0000
603,2016-12-09,20.8800,21.0299,20.2700,20.7100,20.7100,764950,0.0000,1.0000
604,2016-12-08,20.5000,21.4500,20.2300,20.8000,20.8000,1101329,0.0000,1.0000
605,2016-12-07,21.3300,21.9850,19.8700,20.3600,20.3600,1138952,0.0000,1.0000
606,2016-12-06,22.5000,22.5000,21.3300,21.3400,21.3400,2151610,0.0000,1.0000
607,2016-12-05,23.7500,23.7500,21.9000,22.5000,22.5000,3378970,0.0000,1.0000
608,2016-12-02,23.6600,24.3550,23.3400,23.7200,23.7200,592186,0.0000,1.0000
609,2016-12-01,23.6700,25.0800,22.9400,23.5600,23.5600,1630877,0.0000,1.0000
610,2016-11-30,22.5000,24.0000,22.1600,23.5300,23.5300,3108147,0.0000,1.0000
611,2016-11-29,21.0500,21.5700,20.0000,20.7000,20.7000,810328,0.0000,1.0000
612,2016-11-28,22.1700,22.5000,20.6600,21.0000,21.0000,1133001,0.0000,1.0000
613,2016-11-25,22.8900,22.8900,21.9350,22.1800,22.1800,254525,0.0000,1.0000
614,2016-11-23,22.8600,23.5000,22.6000,22.9400,22.9400,591869,0.0000,1.0000
615,2016-11-22,23.7500,23.8858,22.6300,23.2200,23.2200,445894,0.0000,1.0000
616,2016-11-21,22.4100,23.9300,22.2300,23.4900,23.4900,1098986,0.0000,1.0000
617,2016-11-18,21.3000,22.4000,21.2450,22.1800,22.1800,315910,0.0000,1.0000
618,2016-11-17,21.7700,22.1600,20.9600,21.3300,21.3300,286046,0.0000,1.0000
619,2016-11-16,21.7100,22.4600,21.1550,21.6700,21.6700,279041,0.0000,1.0000
620,2016-11-15,20.5100,22.4700,20.4000,21.9100,21.9100,789194,0.0000,1.0000
621,2016-11-14,20.1500,20.6000,19.7100,20.4500,20.4500,603858,0.0000,1.0000
622,2016-11-11,20.3600,20.5950,19.5300,20.2900,20.2900,1359421,0.0000,1.0000
623,2016-11-10,20.9900,21.6500,20.0800,20.6000,20.6000,1267890,0.0000,1.0000
624,2016-11-09,19.9400,21.3550,19.7200,21.0900,21.0900,1683893,0.0000,1.0000
625,2016-11-08,20.6300,20.6300,19.5100,19.9100,19.9100,1829815,0.0000,1.0000
626,2016-11-07,20.5100,21.1400,20.1500,20.6100,20.6100,1729223,0.0000,1.0000
627,2016-11-04,20.4600,20.5400,19.5100,20.4200,20.4200,1186045,0.0000,1.0000
628,2016-11-03,20.6300,21.0000,19.5500,20.4200,20.4200,1421931,0.0000,1.0000
629,2016-11-02,21.0100,21.3500,20.0500,20.5900,20.5900,1092879,0.0000,1.0000
630,2016-11-01,21.5200,21.8100,21.0500,21.1500,21.1500,514119,0.0000,1.0000
631,2016-10-31,21.8100,22.2500,21.0100,21.3600,21.3600,611654,0.0000,1.0000
632,2016-10-28,22.1200,22.1200,21.2800,21.9300,21.9300,472190,0.0000,1.0000
633,2016-10-27,21.7000,22.3200,21.1202,22.0600,22.0600,717935,0.0000,1.0000
634,2016-10-26,22.2700,22.4400,21.5200,21.5900,21.5900,1093084,0.0000,1.0000
635,2016-10-25,22.4500,22.9400,22.3600,22.5000,22.5000,553500,0.0000,1.0000
636,2016-10-24,22.1000,23.0000,21.5000,22.5800,22.5800,595970,0.0000,1.0000
637,2016-10-21,22.3400,22.7900,21.9700,22.1900,22.1900,490911,0.0000,1.0000
638,2016-10-20,22.1300,22.7300,22.0000,22.3600,22.3600,1249453,0.0000,1.0000
639,2016-10-19,21.7000,23.1200,21.4200,22.2800,22.2800,1857740,0.0000,1.0000
640,2016-10-18,21.8000,21.8700,21.2400,21.7100,21.7100,668910,0.0000,1.0000
641,2016-10-17,22.1000,22.1000,21.1000,21.5100,21.5100,1017554,0.0000,1.0000
642,2016-10-14,21.5800,21.9400,21.0100,21.7800,21.7800,1378186,0.0000,1.0000
643,2016-10-13,21.7900,21.9400,21.2700,21.4000,21.4000,3358110,0.0000,1.0000
644,2016-10-12,22.7500,23.0000,21.8300,21.8500,21.8500,19723287,0.0000,1.0000
